-- phpMyAdmin SQL Dump
-- version 4.0.10.14
-- http://www.phpmyadmin.net
--
-- Host: localhost:3306
-- Generation Time: May 16, 2017 at 02:18 AM
-- Server version: 10.1.21-MariaDB-cll-lve
-- PHP Version: 5.6.20

SET SQL_MODE = "NO_AUTO_VALUE_ON_ZERO";
SET time_zone = "+00:00";


/*!40101 SET @OLD_CHARACTER_SET_CLIENT=@@CHARACTER_SET_CLIENT */;
/*!40101 SET @OLD_CHARACTER_SET_RESULTS=@@CHARACTER_SET_RESULTS */;
/*!40101 SET @OLD_COLLATION_CONNECTION=@@COLLATION_CONNECTION */;
/*!40101 SET NAMES utf8 */;

--
-- Database: `dylaijqn_rsstats`
--

-- --------------------------------------------------------

--
-- Table structure for table `clueitems`
--

CREATE TABLE IF NOT EXISTS `clueitems` (
  `amt` int(6) DEFAULT NULL,
  `item` varchar(23) DEFAULT NULL,
  UNIQUE KEY `item` (`item`)
) ENGINE=MyISAM DEFAULT CHARSET=utf8;

--
-- Dumping data for table `clueitems`
--

INSERT INTO `clueitems` (`amt`, `item`) VALUES
(1, 'amulet of fury (t)'),
(1, 'ancient mitre'),
(3, 'ancient page 2'),
(1, 'ancient page 3'),
(1, 'ancient vambraces'),
(81, 'antifire (4)'),
(1, 'armadyl chaps'),
(1, 'armadyl coif'),
(2, 'armadyl crozier'),
(1, 'armadyl mitre'),
(1, 'armadyl plateskirt'),
(450, 'astral rune'),
(50, 'bandit camp teleport'),
(1, 'bandos body'),
(1, 'bandos cloak'),
(1, 'bandos coif'),
(1, 'bandos crozier'),
(3, 'bandos page 1'),
(1, 'bandos page 2'),
(1, 'bat staff'),
(48, 'battlestaff'),
(84, 'biscuits'),
(2, 'black cavalier'),
(20, 'black dragonhide body'),
(9, 'black dragonhide chaps'),
(45, 'black dragonhide'),
(1201, 'blood rune'),
(18, 'blue firelighter'),
(4, 'christmas pudding'),
(682616, 'coins'),
(6, 'costume skip ticket'),
(7, 'court summons'),
(12, 'dragon helm'),
(1, 'dragon pb ornament kit'),
(1, 'dragon pl ornament kit'),
(1, 'dragonhide body (t)'),
(22, 'dwarf weed seed'),
(176, 'fetch casket scroll'),
(12, 'green firelighter'),
(57, 'guthix arrow'),
(1, 'guthix page 4'),
(1, 'guthix stole'),
(2, 'knot skipping ticket'),
(16, 'lantadyme seed'),
(751, 'law rune'),
(41, 'lobster'),
(12, 'lumber yard teleport'),
(2, 'magic composite bow'),
(4, 'magic longbow'),
(5, 'magic shortbow'),
(40, 'mahogany logs'),
(450, 'mahogany plank'),
(17, 'meerkat pouch'),
(28, 'miscellania teleport'),
(12, 'mystic air staff'),
(15, 'mystic earth staff'),
(8, 'mystic fire staff'),
(5, 'mystic water staff'),
(728, 'nature rune'),
(132, 'onyx bolt tips'),
(11, 'palm tree seed'),
(11, 'papaya tree seed'),
(30, 'phoenix lair teleport'),
(13, 'pollnivneach teleport'),
(54, 'prayer potion (4)'),
(23, 'purple firelighter'),
(87, 'purple sweets'),
(10, 'puzzle skipping ticket'),
(31, 'red firelighter'),
(300, 'pure essence'),
(120, 'royal dragonhide'),
(12, 'rune 2h sword'),
(900, 'rune arrow'),
(45, 'rune bar'),
(3, 'rune battleaxe'),
(3, 'rune crossbow'),
(3, 'rune dagger'),
(10, 'rune full helm'),
(4, 'rune hatchet'),
(1, 'rune helm'),
(2, 'rune helm (h1)'),
(14, 'rune kiteshield'),
(1, 'rune kiteshield (g)'),
(11, 'rune longsword'),
(93, 'rune nails'),
(13, 'rune pickaxe'),
(19, 'rune platebody'),
(2, 'rune platebody (g)'),
(1, 'rune platebody (h1)'),
(10, 'rune platelegs'),
(1, 'rune platelegs (g)'),
(1, 'rune platelegs (t)'),
(1, 'rune shield (h2)'),
(1, 'rune warhammer'),
(85, 'runite bolts'),
(1, 'sara plateskirt'),
(68, 'saradomin arrow'),
(2, 'saradomin chaps'),
(1, 'saradomin crozier'),
(1, 'saradomin kiteshield'),
(2, 'saradomin page 1'),
(3, 'saradomin page 2'),
(1, 'saradomin page 3'),
(1, 'saradomin plateskirt'),
(103, 'shark'),
(63, 'super restore (4)'),
(135, 'swamp lizard'),
(5, 'tai bwo wannai teleport'),
(8, 'uncut dragonstone'),
(80, 'unicorn horn'),
(64, 'water talisman'),
(1, 'willow composite bow'),
(2, 'yew composite bow'),
(5, 'yew seed'),
(153, 'zamorak arrow'),
(1, 'zamorak full helm'),
(1, 'zamorak page 1'),
(1, 'zamorak page 2'),
(1, 'zamorak page 3'),
(1, 'zamorak platelegs'),
(2, 'zamorak page 4'),
(300, 'water rune'),
(300, 'mind rune'),
(1, 'adamant longsword'),
(1, 'enchanted hat'),
(5, 'green dragonhide'),
(1, 'adamant kiteshield (h2)'),
(1, 'green dragonhide body');

-- --------------------------------------------------------

--
-- Table structure for table `clues`
--

CREATE TABLE IF NOT EXISTS `clues` (
  `value` int(15) DEFAULT NULL,
  `level` int(1) DEFAULT NULL,
  `amt1` int(6) DEFAULT NULL,
  `item1` varchar(30) DEFAULT NULL,
  `amt2` int(6) DEFAULT NULL,
  `item2` varchar(30) DEFAULT NULL,
  `amt3` int(6) DEFAULT NULL,
  `item3` varchar(30) DEFAULT NULL,
  `amt4` int(6) DEFAULT NULL,
  `item4` varchar(30) DEFAULT NULL,
  `amt5` int(6) DEFAULT NULL,
  `item5` varchar(30) DEFAULT NULL,
  `amt6` int(6) DEFAULT NULL,
  `item6` varchar(21) DEFAULT NULL,
  `id` int(11) NOT NULL AUTO_INCREMENT,
  PRIMARY KEY (`id`),
  UNIQUE KEY `id` (`id`)
) ENGINE=MyISAM  DEFAULT CHARSET=utf8 AUTO_INCREMENT=122 ;

--
-- Dumping data for table `clues`
--

INSERT INTO `clues` (`value`, `level`, `amt1`, `item1`, `amt2`, `item2`, `amt3`, `item3`, `amt4`, `item4`, `amt5`, `item5`, `amt6`, `item6`, `id`) VALUES
(7136324, 3, 3, 'saradomin page 2', 75, 'astral rune', 20000, 'coins', 1, 'black dragonhide body', 1, 'magic composite bow', 0, '', 1),
(2793528, 3, 1, 'amulet of fury (t)', 5, 'lumber yard teleport', 1, 'rune full helm', 1, 'court summons', 0, '', 0, '', 2),
(2465141, 3, 3, 'bandos page 1', 1, 'rune platelegs', 1, 'rune kiteshield', 75, 'astral rune', 0, '', 0, '', 3),
(1405765, 3, 4, 'puzzle skipping ticket', 1, 'mystic air staff', 75, 'astral rune', 75, 'law rune', 5, 'black dragonhide', 0, '', 4),
(1171136, 3, 4, 'puzzle skipping ticket', 1, 'mystic fire staff', 1, 'rune full helm', 1, 'rune 2h sword', 0, '', 0, '', 5),
(992601, 3, 3, 'ancient page 2', 75, 'blood rune', 1, 'mystic fire staff', 20000, 'coins', 0, '', 0, '', 6),
(937721, 3, 1, 'rune kiteshield (g)', 1, 'zamorak platelegs', 1, 'rune longsword', 1, 'black dragonhide body', 0, '', 0, '', 7),
(819416, 3, 1, 'bandos page 2', 24, 'mahogany plank', 20000, 'coins', 1, 'rune pickaxe', 0, '', 0, '', 8),
(805465, 3, 1, 'rune platebody (g)', 1, 'rune pickaxe', 44, 'law rune', 1, 'rune crossbow', 10, 'red firelighter', 0, '', 9),
(790259, 3, 1, 'rune platebody (g)', 1, 'saradomin page 1', 1, 'saradomin crozier', 1, 'rune longsword', 1, 'black dragonhide chaps', 1, 'black dragonhide body', 10),
(716610, 4, 1, 'dragon pl ornament kit', 12, 'onyx bolt tips', 5, 'rune bar', 15, 'swamp lizard', 2, 'dwarf weed seed', 0, '', 11),
(650304, 3, 1, 'ancient page 3', 1, 'rune platelegs', 26, 'shark', 1, 'rune full helm', 1, 'black dragonhide body', 0, '', 12),
(649428, 3, 2, 'puzzle skipping ticket', 1, 'rune platebody', 1, 'mystic earth staff', 1, 'rune 2h sword', 0, '', 0, '', 13),
(644864, 3, 1, 'zamorak page 3', 1, 'saradomin chaps', 40, 'law rune', 25, 'blood rune', 0, '', 0, '', 14),
(564302, 3, 1, 'zamorak full helm', 75, 'nature rune', 1, 'mystic earth staff', 1, 'mystic fire staff', 1, 'black dragonhide body', 1, 'yew composite bow', 15),
(476789, 3, 1, 'zamorak page 2', 1, 'rune platebody', 19, 'runite bolts', 14, 'lobster', 3267, 'coins', 1, 'magic shortbow', 16),
(416708, 3, 2, 'knot skipping ticket', 1, 'mystic earth staff', 10000, 'coins', 1, 'black dragonhide body', 0, '', 0, '', 17),
(400052, 3, 1, 'zamorak page 1', 48, 'law rune', 1, 'purple sweets', 34, 'rune nails', 1, 'magic longbow', 1, 'magic shortbow', 18),
(385802, 4, 1, 'palm tree seed', 40, 'mahogany plank', 12, 'onyx bolt tips', 15, 'swamp lizard', 2, 'dwarf weed seed', 6, 'phoenix lair teleport', 19),
(381976, 4, 1, 'palm tree seed', 12, 'onyx bolt tips', 9, 'prayer potion (4)', 1, 'rune platebody', 2, 'uncut dragonstone', 23, 'fetch casket scroll', 20),
(361852, 4, 1, 'palm tree seed', 1, 'dragon helm', 15, 'royal dragonhide', 1, 'papaya tree seed', 8, 'bandit camp teleport', 0, '', 21),
(353720, 4, 1, 'palm tree seed', 100000, 'coins', 9, 'super restore (4)', 18, 'blue firelighter', 0, '', 0, '', 22),
(348436, 4, 1, 'palm tree seed', 15, 'royal dragonhide', 9, 'super restore (4)', 1, 'armadyl coif', 2, 'dwarf weed seed', 0, '', 23),
(339168, 4, 1, 'palm tree seed', 40, 'mahogany plank', 8, 'battlestaff', 6, 'meerkat pouch', 0, '', 0, '', 24),
(309308, 4, 5, 'rune bar', 1, 'dragon helm', 8, 'water talisman', 7, 'lumber yard teleport', 1, 'papaya tree seed', 10, 'unicorn horn', 25),
(301745, 4, 24, 'onyx bolt tips', 40, 'mahogany logs', 50000, 'coins', 13, 'purple firelighter', 0, '', 0, '', 26),
(287718, 4, 15, 'royal dragonhide', 1, 'dragon helm', 9, 'super restore (4)', 50000, 'coins', 1, 'papaya tree seed', 21, 'red firelighter', 27),
(279723, 4, 1, 'palm tree seed', 9, 'antifire (4)', 9, 'prayer potion (4)', 8, 'miscellania teleport', 0, '', 0, '', 28),
(268784, 4, 40, 'mahogany plank', 15, 'royal dragonhide', 1, 'yew seed', 9, 'antifire (4)', 1, 'bat staff', 0, '', 29),
(268479, 3, 1, 'sara plateskirt', 1, 'rune helm (h1)', 12, 'purple sweets', 45, 'nature rune', 1, 'rune crossbow', 1, 'rune dagger', 30),
(257743, 3, 2, 'costume skip ticket', 75, 'blood rune', 1, 'rune platelegs', 1, 'rune kiteshield', 1, 'rune helm', 1, 'rune pickaxe', 31),
(234413, 4, 12, 'onyx bolt tips', 5, 'rune bar', 1, 'armadyl plateskirt', 2, 'uncut dragonstone', 10, 'unicorn horn', 0, '', 32),
(217487, 4, 12, 'onyx bolt tips', 1, 'dragon helm', 8, 'water talisman', 40000, 'coins', 0, '', 0, '', 33),
(216102, 3, 4, 'costume skip ticket', 1, 'rune kiteshield', 1, 'mystic earth staff', 1, 'rune 2h sword', 75, 'law rune', 0, '', 34),
(215598, 4, 40, 'mahogany plank', 9, 'antifire (4)', 1, 'yew seed', 10, 'unicorn horn', 54, 'zamorak arrow', 0, '', 35),
(211754, 4, 15, 'royal dragonhide', 1, 'dragon helm', 1, 'rune platebody', 10, 'unicorn horn', 1, 'dragon pb ornament kit', 2, 'dwarf weed seed', 36),
(205942, 4, 15, 'royal dragonhide', 5, 'rune bar', 8, 'water talisman', 4, 'meerkat pouch', 2, 'lantadyme seed', 0, '', 37),
(202789, 4, 5, 'rune bar', 9, 'super restore (4)', 40000, 'coins', 15, 'swamp lizard', 0, '', 0, '', 38),
(201313, 4, 5, 'rune bar', 1, 'papaya tree seed', 1, 'dragon helm', 1, 'armadyl chaps', 0, '', 0, '', 39),
(199990, 4, 16, 'battlestaff', 18, 'antifire (4)', 1, 'armadyl crozier', 0, '', 0, '', 0, '', 40),
(195229, 4, 12, 'onyx bolt tips', 1, 'palm tree seed', 20, 'unicorn horn', 17, 'purple sweets', 0, '', 0, '', 41),
(192589, 4, 50000, 'coins', 1, 'papaya tree seed', 9, 'prayer potion (4)', 9, 'antifire (4)', 1, 'bandos crozier', 2, 'dwarf weed seed', 42),
(189770, 3, 1, 'black cavalier', 1, 'rune 2h sword', 75, 'astral rune', 1, 'black dragonhide chaps', 0, '', 0, '', 43),
(189394, 4, 2, 'papaya tree seed', 8, 'battlestaff', 9, 'antifire (4)', 4, 'meerkat pouch', 0, '', 0, '', 44),
(187542, 4, 1, 'dragon helm', 1, 'papaya tree seed', 40000, 'coins', 9, 'antifire (4)', 0, '', 0, '', 45),
(185148, 4, 1, 'dragon helm', 9, 'super restore (4)', 1, 'rune platebody', 15, 'swamp lizard', 2, 'lantadyme seed', 18, 'fetch casket scroll', 46),
(184612, 4, 2, 'dragon helm', 9, 'prayer potion (4)', 10, 'unicorn horn', 1, 'bandos coif', 0, '', 0, '', 47),
(184081, 4, 5, 'rune bar', 9, 'super restore (4)', 50000, 'coins', 8, 'bandit camp teleport', 0, '', 0, '', 48),
(180690, 3, 48, 'mahogany plank', 150, 'rune arrow', 1, 'mystic earth staff', 1, 'rune full helm', 68, 'saradomin arrow', 0, '', 49),
(174189, 4, 1, 'dragon helm', 8, 'battlestaff', 9, 'antifire (4)', 15, 'swamp lizard', 12, 'biscuits', 0, '', 50),
(173062, 3, 1, 'saradomin kiteshield', 2, 'mystic water staff', 1, 'mystic air staff', 75, 'law rune', 20000, 'coins', 0, '', 51),
(169620, 3, 1, 'rune platebody', 1, 'rune platelegs (g)', 1, 'rune platelegs', 1, 'rune kiteshield', 5, 'black dragonhide', 0, '', 52),
(168550, 4, 5, 'rune bar', 50000, 'coins', 1, 'yew seed', 26, 'fetch casket scroll', 0, '', 0, '', 53),
(163796, 3, 48, 'mahogany plank', 1, 'mystic earth staff', 75, 'law rune', 6, 'pollnivneach teleport', 0, '', 0, '', 54),
(162225, 3, 1, 'rune platelegs', 1, 'rune shield (h2)', 1, 'rune kiteshield', 5, 'black dragonhide', 1, 'rune full helm', 1, 'rune pickaxe', 55),
(154327, 4, 8, 'water talisman', 50000, 'coins', 9, 'prayer potion (4)', 1, 'bandos body', 2, 'lantadyme seed', 0, '', 56),
(149863, 3, 1, 'saradomin plateskirt', 75, 'blood rune', 1, 'mystic air staff', 1, 'mystic fire staff', 0, '', 0, '', 57),
(149436, 3, 1, 'dragonhide body (t)', 75, 'blood rune', 1, 'mystic fire staff', 1, 'mystic air staff', 1, 'rune full helm', 4, 'christmas pudding', 58),
(148708, 3, 2, 'rune 2h sword', 1, 'rune platelegs', 1, 'mystic earth staff', 15, 'purple sweets', 0, '', 0, '', 59),
(145253, 3, 75, 'blood rune', 1, 'rune platebody', 1, 'mystic air staff', 1, 'mystic water staff', 1, 'rune pickaxe', 6, 'phoenix lair teleport', 60),
(143811, 3, 1, 'black cavalier', 1, 'rune platelegs (t)', 20000, 'coins', 1, 'rune 2h sword', 0, '', 0, '', 61),
(142515, 3, 2, 'rune kiteshield', 75, 'blood rune', 1, 'rune 2h sword', 58, 'zamorak arrow', 0, '', 0, '', 62),
(140152, 3, 75, 'blood rune', 1, 'rune platebody', 75, 'nature rune', 1, 'mystic fire staff', 7, 'purple sweets', 1, 'court summons', 63),
(140118, 3, 150, 'blood rune', 1, 'rune 2h sword', 1, 'rune longsword', 10, 'purple firelighter', 1, 'black dragonhide chaps', 0, '', 64),
(139759, 4, 15, 'royal d''hide', 1, 'papaya tree seed', 2, 'uncut dragonstone', 23, 'biscuits', 0, '', 0, '', 65),
(137921, 3, 1, 'rune platebody', 1, 'rune kiteshield', 1, 'mystic water staff', 1, 'mystic earth staff', 1, 'rune pickaxe', 7, 'bandit camp teleport', 66),
(132896, 3, 1, 'rune platebody', 75, 'blood rune', 1, 'rune pickaxe', 1, 'mystic air staff', 1, 'yew composite bow', 1, 'guthix stole', 67),
(132638, 4, 2, 'rune platebody', 8, 'battlestaff', 2, 'lantadyme seed', 14, 'biscuits', 0, '', 0, '', 68),
(129036, 3, 2, 'rune longsword', 1, 'rune 2h sword', 1, 'rune kiteshield', 75, 'astral rune', 1, 'armadyl mitre', 0, '', 69),
(124979, 3, 1, 'rune kiteshield', 75, 'nature rune', 150, 'rune arrow', 20000, 'coins', 57, 'guthix arrow', 0, '', 70),
(123348, 3, 75, 'blood rune', 1, 'mystic air staff', 75, 'law rune', 7, 'pollnivneach teleport', 1, 'rune pickaxe', 1, 'court summons', 71),
(122773, 3, 75, 'nature rune', 1, 'rune kiteshield', 5, 'black dragonhide', 75, 'law rune', 1, 'rune longsword', 5, 'bandit camp teleport', 72),
(116359, 3, 1, 'rune 2h sword', 1, 'rune kiteshield', 1, 'rune helm (h1)', 1, 'rune longsword', 1, 'black dragonhide chaps', 0, '', 73),
(114160, 3, 1, 'rune platelegs', 1, 'rune battleaxe', 12, 'purple sweets', 1, 'rune longsword', 0, '', 0, '', 74),
(112627, 3, 1, 'rune platebody', 1, 'guthix page 4', 15, 'runite bolts', 1, 'rune hatchet', 1, 'magic shortbow', 0, '', 75),
(112153, 3, 1, 'rune platebody', 24, 'shark', 1, 'rune crossbow', 1, 'rune hatchet', 0, '', 0, '', 76),
(111942, 3, 24, 'mahogany plank', 1, 'rune platebody (h1)', 1, 'mystic water staff', 1, 'court summons', 0, '', 0, '', 77),
(106005, 3, 24, 'mahogany plank', 5, 'black dragonhide', 1, 'mystic earth staff', 5, 'tai bwo wannai teleport', 1, 'court summons', 0, '', 78),
(104187, 3, 1, 'rune platebody', 12, 'runite bolts', 1, 'black dragonhide body', 30, 'nature rune', 1, 'rune dagger', 1, 'magic longbow', 79),
(103165, 4, 8, 'water talisman', 1, 'rune platebody', 10, 'unicorn horn', 22, 'fetch casket scroll', 0, '', 0, '', 80),
(103125, 3, 1, 'rune platebody', 1, 'rune warhammer', 1, 'black dragonhide body', 1, 'magic shortbow', 0, '', 0, '', 81),
(101579, 3, 1, 'rune 2h sword', 1, 'mystic earth staff', 5, 'black dragonhide', 2, 'black dragonhide body', 1, 'saradomin chaps', 0, '', 82),
(100993, 3, 1, 'rune platelegs', 1, 'mystic air staff', 150, 'rune arrow', 15, 'purple sweets', 0, '', 0, '', 83),
(99423, 4, 1, 'rune platebody', 9, 'prayer potion (4)', 2, 'uncut dragonstone', 1, 'ancient vambraces', 0, '', 0, '', 84),
(98687, 3, 24, 'mahogany plank', 150, 'rune arrow', 20000, 'coins', 1, 'black dragonhide chaps', 8, 'phoenix lair teleport', 0, '', 85),
(97912, 3, 3, 'mystic earth staff', 1, 'rune pickaxe', 1, 'black dragonhide body', 10, 'fetch casket scroll', 0, '', 0, '', 86),
(96661, 3, 28, 'runite bolts', 8, 'purple sweets', 1, 'rune full helm', 26, 'blood rune', 1, 'rune hatchet', 14, 'lobster', 87),
(89950, 3, 1, 'saradomin page 1', 1, 'rune pickaxe', 1, 'rune pickaxe', 1, 'black dragonhide body', 0, '', 0, '', 88),
(89871, 3, 1, 'rune platelegs', 1, 'bandos cloak', 1, 'mystic earth staff', 1, 'court summons', 0, '', 0, '', 89),
(89839, 3, 1, 'saradomin page 3', 1, 'rune battleaxe', 1, 'rune longsword', 32, 'nature rune', 1, 'black dragonhide chaps', 13, 'lobster', 90),
(89025, 3, 75, 'blood rune', 150, 'rune arrow', 75, 'astral rune', 5, 'miscellania teleport', 0, '', 0, '', 91),
(81272, 3, 75, 'nature rune', 1, 'mystic fire staff', 5, 'black dragonhide', 1, 'black dragonhide body', 5, 'phoenix lair teleport', 0, '', 92),
(79164, 3, 1, 'rune kiteshield', 1, 'mystic air staff', 1, 'rune pickaxe', 8, 'bandit camp teleport', 0, '', 0, '', 93),
(76071, 3, 26, 'mahogany plank', 1, 'rune battleaxe', 4616, 'coins', 1, 'willow composite bow', 0, '', 0, '', 94),
(67233, 3, 75, 'nature rune', 1, 'mystic air staff', 1, 'black dragonhide body', 1, 'ancient mitre', 0, '', 0, '', 95),
(60170, 3, 28, 'shark', 25, 'blood rune', 1, 'black dragonhide body', 1816, 'coins', 0, '', 0, '', 96),
(60004, 3, 25, 'shark', 1, 'rune full helm', 36, 'rune nails', 0, '', 0, '', 0, '', 97),
(52937, 3, 150, 'rune arrow', 5, 'black dragonhide', 1, 'magic composite bow', 3, 'meerkat pouch', 0, '', 0, '', 98),
(51479, 3, 1, 'black d''hide body', 1, 'black dragonhide chaps', 11, 'runite bolts', 46, 'nature rune', 1, 'rune pickaxe', 1, 'magic shortbow', 99),
(49693, 3, 1, 'rune longsword', 2, 'magic longbow', 49, 'nature rune', 47, 'law rune', 12, 'green firelighter', 0, '', 100),
(49291, 3, 85, 'law rune', 36, 'nature rune', 1, 'black dragonhide chaps', 1, 'rune dagger', 0, '', 0, '', 101),
(41136, 3, 37, 'law rune', 40, 'nature rune', 1, 'rune hatchet', 2917, 'coins', 23, 'rune nails', 0, '', 102),
(39472, 3, 1, 'mystic air staff', 1, 'black dragonhide body', 1, 'black dragonhide chaps', 6, 'miscellania teleport', 0, '', 0, '', 103),
(15229, 4, 4, 'dwarf weed seed', 2, 'lantadyme seed', 9, 'bandit camp teleport', 0, '', 0, '', 0, '', 104),
(1511101, 3, 2, 'zamorak page 4', 75, 'blood rune', 5, 'black dragonhide', 1, 'black dragonhide body', 0, '', 0, '', 105),
(166589, 3, 24, 'mahogany plank', 75, 'blood rune', 1, 'rune platelegs', 1, 'rune full helm', 1, 'black dragonhide body', 25, 'fetch casket scroll', 110),
(23848, 2, 300, 'pure essence', 300, 'water rune', 300, 'mind rune', 1, 'adamant longsword', 5, 'phoenix lair teleport', 0, '', 111),
(185430, 4, 30, 'swamp lizard', 1, 'rune platebody', 1, 'armadyl crozier', 2, 'lantadyme seed', 2, 'dwarf weed seed', 0, '', 112),
(210624, 4, 12, 'onyx bolt tips', 5, 'rune bar', 9, 'super restore (4)', 2, 'dwarf weed seed', 16, 'biscuits', 0, '', 113),
(77606, 3, 1, 'rune kiteshield', 1, 'rune full helm', 1, 'rune longsword', 1, 'enchanted hat', 0, '', 0, '', 114),
(233306, 4, 12, 'onyx bolt tips', 15, 'swamp lizard', 8, 'water talisman', 1, 'yew seed', 2, 'lantadyme seed', 28, 'fetch casket scroll', 115),
(124459, 3, 24, 'mahogany plank', 1, 'mystic earth staff', 1, 'rune kiteshield', 1, 'black dragonhide body', 41, 'zamorak arrow', 0, '', 116),
(19949, 2, 5, 'green dragonhide', 1, 'adamant kiteshield (h2)', 1, 'green dragonhide body', 0, '', 0, '', 0, '', 117),
(617255, 4, 3, 'palm tree seed', 8, 'water talisman', 15, 'swamp lizard', 19, 'biscuits', 0, '', 0, '', 118),
(221462, 4, 15, 'royal dragonhide', 8, 'water talisman', 1, 'papaya tree seed', 1, 'yew seed', 2, 'dwarf weed seed', 24, 'fetch casket scroll', 119),
(202436, 4, 12, 'onyx bolt tips', 1, 'papaya tree seed', 1, 'dragon helm', 9, 'miscellania teleport', 2, 'lantadyme seed', 2, 'dwarf weed seed', 120),
(127790, 3, 24, 'mahogany plank', 75, 'blood rune', 1, 'mystic air staff', 5, 'bandit camp teleport', 1, 'court summons', NULL, NULL, 121);

-- --------------------------------------------------------

--
-- Table structure for table `cluesold`
--

CREATE TABLE IF NOT EXISTS `cluesold` (
  `value` int(15) DEFAULT NULL,
  `level` int(1) DEFAULT NULL,
  `amt1` int(6) DEFAULT NULL,
  `item1` varchar(30) DEFAULT NULL,
  `amt2` int(6) DEFAULT NULL,
  `item2` varchar(30) DEFAULT NULL,
  `amt3` int(6) DEFAULT NULL,
  `item3` varchar(30) DEFAULT NULL,
  `amt4` int(6) DEFAULT NULL,
  `item4` varchar(30) DEFAULT NULL,
  `amt5` int(6) DEFAULT NULL,
  `item5` varchar(30) DEFAULT NULL,
  `amt6` int(6) DEFAULT NULL,
  `item6` varchar(21) DEFAULT NULL,
  `id` int(11) NOT NULL AUTO_INCREMENT,
  PRIMARY KEY (`id`),
  UNIQUE KEY `id` (`id`)
) ENGINE=MyISAM  DEFAULT CHARSET=utf8 AUTO_INCREMENT=119 ;

--
-- Dumping data for table `cluesold`
--

INSERT INTO `cluesold` (`value`, `level`, `amt1`, `item1`, `amt2`, `item2`, `amt3`, `item3`, `amt4`, `item4`, `amt5`, `item5`, `amt6`, `item6`, `id`) VALUES
(7136324, 3, 3, '3', 75, 'astral rune', 20000, 'coins', 1, 'black d''hide body', 1, 'magic composite bow', 0, '', 1),
(2793528, 3, 1, '1', 5, 'lumber yard teleport', 1, 'rune full helm', 1, 'court summons', 0, '', 0, '', 2),
(2465141, 3, 3, '3', 1, 'rune platelegs', 1, 'rune kiteshield', 75, 'astral rune', 0, '', 0, '', 3),
(1405765, 3, 4, '4', 1, 'mystic air staff', 75, 'astral rune', 75, 'law rune', 5, 'black d''hide', 0, '', 4),
(1171136, 3, 4, '4', 1, 'mystic fire staff', 1, 'rune full helm', 1, 'rune 2h sword', 0, '', 0, '', 5),
(992601, 3, 3, '3', 75, 'blood rune', 1, 'mystic fire staff', 20000, 'coins', 0, '', 0, '', 6),
(937721, 3, 1, '1', 1, 'zamorak platelegs', 1, 'rune longsword', 1, 'black d''hide body', 0, '', 0, '', 7),
(819416, 3, 1, '1', 24, 'mahogany plank', 20000, 'coins', 1, 'rune pickaxe', 0, '', 0, '', 8),
(805465, 3, 1, '1', 1, 'rune pickaxe', 44, 'law rune', 1, 'rune crossbow', 10, 'red firelighter', 0, '', 9),
(790259, 3, 1, '1', 1, 'saradomin page 1', 1, 'saradomin crozier', 1, 'rune longsword', 1, 'black d''hide chaps', 1, 'black d''hide body', 10),
(716610, 4, 1, '1', 12, 'onyx bolt tips', 5, 'rune bar', 15, 'swamp lizard', 2, 'dwarf weed seed', 0, '', 11),
(650304, 3, 1, '1', 1, 'rune platelegs', 26, 'shark', 1, 'rune full helm', 1, 'black d''hide body', 0, '', 12),
(649428, 3, 2, '2', 1, 'rune platebody', 1, 'mystic earth staff', 1, 'rune 2h sword', 0, '', 0, '', 13),
(644864, 3, 1, '1', 1, 'saradomin chaps', 40, 'law rune', 25, 'blood rune', 0, '', 0, '', 14),
(564302, 3, 1, '1', 75, 'nature rune', 1, 'mystic earth staff', 1, 'mystic fire staff', 1, 'black d''hide body', 1, 'yew composite bow', 15),
(476789, 3, 1, '1', 1, 'rune platebody', 19, 'runite bolts', 14, 'lobster', 3267, 'coins', 1, 'magic shortbow', 16),
(416708, 3, 2, '2', 1, 'mystic earth staff', 10000, 'coins', 1, 'black d''hide body', 0, '', 0, '', 17),
(400052, 3, 1, '1', 48, 'law rune', 1, 'purple sweets', 34, 'rune nails', 1, 'magic longbow', 1, 'magic shortbow', 18),
(385802, 4, 1, '1', 40, 'mahogany plank', 12, 'onyx bolt tips', 15, 'swamp lizard', 2, 'dwarf weed seed', 6, 'phoenix lair teleport', 19),
(381976, 4, 1, '1', 12, 'onyx bolt tips', 9, 'prayer potion (4)', 1, 'rune platebody', 2, 'uncut dragonstone', 23, 'fetch casket scroll', 20),
(361852, 4, 1, '1', 1, 'dragon helm', 15, 'royal dragonhide', 1, 'papaya tree seed', 8, 'bandit camp teleport', 0, '', 21),
(353720, 4, 1, '1', 100000, 'coins', 9, 'super restore (4)', 18, 'blue firelighter', 0, '', 0, '', 22),
(348436, 4, 1, '1', 15, 'royal dragonhide', 9, 'super restore (4)', 1, 'armadyl coif', 2, 'dwarf weed seed', 0, '', 23),
(339168, 4, 1, '1', 40, 'mahogany plank', 8, 'battlestaff', 6, 'meerkat pouch', 0, '', 0, '', 24),
(309308, 4, 5, '5', 1, 'dragon helm', 8, 'water talisman', 7, 'lumber yard teleport', 1, 'papaya tree seed', 10, 'unicorn horn', 25),
(301745, 4, 24, '24', 40, 'mahogany logs', 50000, 'coins', 13, 'purple firelighter', 0, '', 0, '', 26),
(287718, 4, 15, '15', 1, 'dragon helm', 9, 'super restore (4)', 50000, 'coins', 1, 'papaya tree seed', 21, 'red firelighter', 27),
(279723, 4, 1, '1', 9, 'antifire (4)', 9, 'prayer potion (4)', 8, 'miscellania teleport', 0, '', 0, '', 28),
(268784, 4, 40, '40', 15, 'royal dragonhide', 1, 'yew seed', 9, 'antifire (4)', 1, 'bat staff', 0, '', 29),
(268479, 3, 1, '1', 1, 'rune helm (h1)', 12, 'purple sweets', 45, 'nature rune', 1, 'rune crossbow', 1, 'rune dagger', 30),
(257743, 3, 2, '2', 75, 'blood rune', 1, 'rune platelegs', 1, 'rune kiteshield', 1, 'rune helm', 1, 'rune pickaxe', 31),
(234413, 4, 12, '12', 5, 'rune bar', 1, 'armadyl plateskirt', 2, 'uncut dragonstone', 10, 'unicorn horn', 0, '', 32),
(217487, 4, 12, '12', 1, 'dragon helm', 8, 'water talisman', 40000, 'coins', 0, '', 0, '', 33),
(216102, 3, 4, '4', 1, 'rune kiteshield', 1, 'mystic earth staff', 1, 'rune 2h sword', 75, 'law rune', 0, '', 34),
(215598, 4, 40, '40', 9, 'antifire (4)', 1, 'yew seed', 10, 'unicorn horn', 54, 'zamorak arrow', 0, '', 35),
(211754, 4, 15, '15', 1, 'dragon helm', 1, 'rune platebody', 10, 'unicorn horn', 1, 'dragon pb ornament kit', 2, 'dwarf weed seed', 36),
(205942, 4, 15, '15', 5, 'rune bar', 8, 'water talisman', 4, 'meerkat pouch', 2, 'lantadyme seed', 0, '', 37),
(202789, 4, 5, '5', 9, 'super restore (4)', 40000, 'coins', 15, 'swamp lizard', 0, '', 0, '', 38),
(201313, 4, 5, '5', 1, 'papaya tree seed', 1, 'dragon helm', 1, 'armadyl chaps', 0, '', 0, '', 39),
(199990, 4, 16, '16', 18, 'antifire (4)', 1, 'armadyl crozier', 0, '', 0, '', 0, '', 40),
(195229, 4, 12, '12', 1, 'palm tree seed', 20, 'unicorn horn', 17, 'purple sweets', 0, '', 0, '', 41),
(192589, 4, 50000, '50000', 1, 'papaya tree seed', 9, 'prayer potion (4)', 9, 'antifire (4)', 1, 'bandos crozier', 2, 'dwarf weed seed', 42),
(189770, 3, 1, '1', 1, 'rune 2h sword', 75, 'astral rune', 1, 'black d''hide chaps', 0, '', 0, '', 43),
(189394, 4, 2, '2', 8, 'battlestaff', 9, 'antifire (4)', 4, 'meerkat pouch', 0, '', 0, '', 44),
(187542, 4, 1, '1', 1, 'papaya tree seed', 40000, 'coins', 9, 'antifire (4)', 0, '', 0, '', 45),
(185148, 4, 1, '1', 9, 'super restore (4)', 1, 'rune platebody', 15, 'swamp lizard', 2, 'lantadyme seed', 18, 'fetch casket scroll', 46),
(184612, 4, 2, '2', 9, 'prayer potion (4)', 10, 'unicorn horn', 1, 'bandos coif', 0, '', 0, '', 47),
(184081, 4, 5, '5', 9, 'super restore (4)', 50000, 'coins', 8, 'bandit camp teleport', 0, '', 0, '', 48),
(180690, 3, 48, '48', 150, 'rune arrow', 1, 'mystic earth staff', 1, 'rune full helm', 68, 'saradomin arrow', 0, '', 49),
(174189, 4, 1, '1', 8, 'battlestaff', 9, 'antifire (4)', 15, 'swamp lizard', 12, 'biscuits', 0, '', 50),
(173062, 3, 1, '1', 2, 'mystic water staff', 1, 'mystic air staff', 75, 'law rune', 20000, 'coins', 0, '', 51),
(169620, 3, 1, '1', 1, 'rune platelegs (g)', 1, 'rune platelegs', 1, 'rune kiteshield', 5, 'black d''hide', 0, '', 52),
(168550, 4, 5, '5', 50000, 'coins', 1, 'yew seed', 26, 'fetch casket scroll', 0, '', 0, '', 53),
(163796, 3, 48, '48', 1, 'mystic earth staff', 75, 'law rune', 6, 'pollnivneach teleport', 0, '', 0, '', 54),
(162225, 3, 1, '1', 1, 'rune shield (h2)', 1, 'rune kiteshield', 5, 'black d''hide', 1, 'rune full helm', 1, 'rune pickaxe', 55),
(154327, 4, 8, '8', 50000, 'coins', 9, 'prayer potion (4)', 1, 'bandos body', 2, 'lantadyme seed', 0, '', 56),
(149863, 3, 1, '1', 75, 'blood rune', 1, 'mystic air staff', 1, 'mystic fire staff', 0, '', 0, '', 57),
(149436, 3, 1, '1', 75, 'blood rune', 1, 'mystic fire staff', 1, 'mystic air staff', 1, 'rune full helm', 4, 'christmas pudding', 58),
(148708, 3, 2, '2', 1, 'rune platelegs', 1, 'mystic earth staff', 15, 'purple sweets', 0, '', 0, '', 59),
(145253, 3, 75, '75', 1, 'rune platebody', 1, 'mystic air staff', 1, 'mystic water staff', 1, 'rune pickaxe', 6, 'phoenix lair teleport', 60),
(143811, 3, 1, '1', 1, 'rune platelegs (t)', 20000, 'coins', 1, 'rune 2h sword', 0, '', 0, '', 61),
(142515, 3, 2, '2', 75, 'blood rune', 1, 'rune 2h sword', 58, 'zamorak arrow', 0, '', 0, '', 62),
(140152, 3, 75, '75', 1, 'rune platebody', 75, 'nature rune', 1, 'mystic fire staff', 7, 'purple sweets', 1, 'court summons', 63),
(140118, 3, 150, '150', 1, 'rune 2h sword', 1, 'rune longsword', 10, 'purple firelighter', 1, 'black d''hide chaps', 0, '', 64),
(139759, 4, 15, '15', 1, 'papaya tree seed', 2, 'uncut dragonstone', 23, 'biscuits', 0, '', 0, '', 65),
(137921, 3, 1, '1', 1, 'rune kiteshield', 1, 'mystic water staff', 1, 'mystic earth staff', 1, 'rune pickaxe', 7, 'bandit camp teleport', 66),
(132896, 3, 1, '1', 75, 'blood rune', 1, 'rune pickaxe', 1, 'mystic air staff', 1, 'yew composite bow', 1, 'guthix stole', 67),
(132638, 4, 2, '2', 8, 'battlestaff', 2, 'lantadyme seed', 14, 'biscuits', 0, '', 0, '', 68),
(129036, 3, 2, '2', 1, 'rune 2h sword', 1, 'rune kiteshield', 75, 'astral rune', 1, 'armadyl mitre', 0, '', 69),
(124979, 3, 1, '1', 75, 'nature rune', 150, 'rune arrow', 20000, 'coins', 57, 'guthix arrow', 0, '', 70),
(123348, 3, 75, '75', 1, 'mystic air staff', 75, 'law rune', 7, 'pollnivneach teleport', 1, 'rune pickaxe', 1, 'court summons', 71),
(122773, 3, 75, '75', 1, 'rune kiteshield', 5, 'black d''hide', 75, 'law rune', 1, 'rune longsword', 5, 'bandit camp teleport', 72),
(116359, 3, 1, '1', 1, 'rune kiteshield', 1, 'rune helm (h1)', 1, 'rune longsword', 1, 'black d''hide chaps', 0, '', 73),
(114160, 3, 1, '1', 1, 'rune battleaxe', 12, 'purple sweets', 1, 'rune longsword', 0, '', 0, '', 74),
(112627, 3, 1, '1', 1, 'guthix page 4', 15, 'runite bolts', 1, 'rune hatchet', 1, 'magic shortbow', 0, '', 75),
(112153, 3, 1, '1', 24, 'shark', 1, 'rune crossbow', 1, 'rune hatchet', 0, '', 0, '', 76),
(111942, 3, 24, '24', 1, 'rune platebody (h1)', 1, 'mystic water staff', 1, 'court summons', 0, '', 0, '', 77),
(106005, 3, 24, '24', 5, 'black dragonhide', 1, 'mystic earth staff', 5, 'tai bwo wannai teleport', 1, 'court summons', 0, '', 78),
(104187, 3, 1, '1', 12, 'runite bolts', 1, 'black d''hide body', 30, 'nature rune', 1, 'rune dagger', 1, 'magic longbow', 79),
(103165, 4, 8, '8', 1, 'rune platebody', 10, 'unicorn horn', 22, 'fetch casket scroll', 0, '', 0, '', 80),
(103125, 3, 1, '1', 1, 'rune warhammer', 1, 'black d''hide body', 1, 'magic shortbow', 0, '', 0, '', 81),
(101579, 3, 1, '1', 1, 'mystic earth staff', 5, 'black d''hide', 2, 'black d''hide body', 1, 'saradomin chaps', 0, '', 82),
(100993, 3, 1, '1', 1, 'mystic air staff', 150, 'rune arrow', 15, 'purple sweets', 0, '', 0, '', 83),
(99423, 4, 1, '1', 9, 'prayer potion (4)', 2, 'uncut dragonstone', 1, 'ancient vambraces', 0, '', 0, '', 84),
(98687, 3, 24, '24', 150, 'rune arrow', 20000, 'coins', 1, 'black d''hide chaps', 8, 'phoenix lair teleport', 0, '', 85),
(97912, 3, 3, '3', 1, 'rune pickaxe', 1, 'black d''hide body', 10, 'fetch casket scroll', 0, '', 0, '', 86),
(96661, 3, 28, '28', 8, 'purple sweets', 1, 'rune full helm', 26, 'blood rune', 1, 'rune hatchet', 14, 'lobster', 87),
(89950, 3, 1, '1', 1, 'rune pickaxe', 1, 'rune pickaxe', 1, 'black d''hide body', 0, '', 0, '', 88),
(89871, 3, 1, '1', 1, 'bandos cloak', 1, 'mystic earth staff', 1, 'court summons', 0, '', 0, '', 89),
(89839, 3, 1, '1', 1, 'rune battleaxe', 1, 'rune longsword', 32, 'nature rune', 1, 'black d''hide chaps', 13, 'lobster', 90),
(89025, 3, 75, '75', 150, 'rune arrow', 75, 'astral rune', 5, 'miscellania teleport', 0, '', 0, '', 91),
(81272, 3, 75, '75', 1, 'mystic fire staff', 5, 'black d''hide', 1, 'black d''hide body', 5, 'phoenix lair teleport', 0, '', 92),
(79164, 3, 1, '1', 1, 'mystic air staff', 1, 'rune pickaxe', 8, 'bandit camp teleport', 0, '', 0, '', 93),
(76071, 3, 26, '26', 1, 'rune battleaxe', 4616, 'coins', 1, 'willow composite bow', 0, '', 0, '', 94),
(67233, 3, 75, '75', 1, 'mystic air staff', 1, 'black d''hide body', 1, 'ancient mitre', 0, '', 0, '', 95),
(60170, 3, 28, '28', 25, 'blood rune', 1, 'black d''hide body', 1816, 'coins', 0, '', 0, '', 96),
(60004, 3, 25, '25', 1, 'rune full helm', 36, 'rune nails', 0, '', 0, '', 0, '', 97),
(52937, 3, 150, '150', 5, 'black d''hide', 1, 'magic composite bow', 3, 'meercat pouch', 0, '', 0, '', 98),
(51479, 3, 1, '1', 1, 'black d''hide chaps', 11, 'runite bolts', 46, 'nature rune', 1, 'rune pickaxe', 1, 'magic shortbow', 99),
(49693, 3, 1, '1', 2, 'magic longbow', 49, 'nature rune', 47, 'law rune', 12, 'green firelighter', 0, '', 100),
(49291, 3, 85, '85', 36, 'nature rune', 1, 'black d''hide chaps', 1, 'rune dagger', 0, '', 0, '', 101),
(41136, 3, 37, '37', 40, 'nature rune', 1, 'rune hatchet', 2917, 'coins', 23, 'rune nails', 0, '', 102),
(39472, 3, 1, '1', 1, 'black d''hide body', 1, 'black d''hide chaps', 6, 'miscellania teleport', 0, '', 0, '', 103),
(15229, 4, 4, '4', 2, 'lantadyme seed', 9, 'bandit camp teleport', 0, '', 0, '', 0, '', 104),
(1511101, 3, 2, '2', 75, 'blood rune', 5, 'black d''hide', 1, 'black d''hide body', NULL, NULL, NULL, NULL, 105),
(166589, 3, 24, '24', 75, 'blood rune', 1, 'rune platelegs', 1, 'rune full helm', 1, 'black dragonhide body', 25, 'fetch casket scroll', 110),
(23848, 2, 300, '300', 300, 'water rune', 300, 'mind rune', 1, 'adamant longsword', 5, 'phoenix lair teleport', NULL, NULL, 111),
(185430, 4, 30, '30', 1, 'rune platebody', 1, 'armadyl crozier', 2, 'lantadyme seed', 2, 'dwarf weed seed', NULL, NULL, 112),
(210624, 4, 12, '12', 5, 'rune bar', 9, 'super restore (4)', 2, 'dwarf weed seed', 16, 'biscuits', NULL, NULL, 113),
(77606, 3, 1, '1', 1, 'rune full helm', 1, 'rune longsword', 1, 'enchanted hat', NULL, NULL, NULL, NULL, 114),
(233306, 4, 12, '12', 15, 'swamp lizard', 8, 'water talisman', 1, 'yew seed', 2, 'lantadyme seed', 28, 'fetch casket scroll', 115),
(124459, 3, 24, 'mahogany plank', 1, 'mystic earth staff', 1, 'rune kiteshield', 1, 'black dragonhide body', 41, 'zamorak arrow', NULL, NULL, 116),
(19949, 2, 5, 'green dragonhide', 1, 'adamant kiteshield (h2)', 1, 'green dragonhide body', NULL, NULL, NULL, NULL, NULL, NULL, 117),
(617255, 4, 3, 'palm tree seed', 8, 'water talisman', 15, 'swamp lizard', 19, 'biscuits', NULL, NULL, NULL, NULL, 118);

-- --------------------------------------------------------

--
-- Table structure for table `elitexptable`
--

CREATE TABLE IF NOT EXISTS `elitexptable` (
  `level` int(3) DEFAULT NULL,
  `xp` int(8) DEFAULT NULL,
  `diff` int(7) DEFAULT NULL,
  UNIQUE KEY `level` (`level`)
) ENGINE=MyISAM DEFAULT CHARSET=utf8;

--
-- Dumping data for table `elitexptable`
--

INSERT INTO `elitexptable` (`level`, `xp`, `diff`) VALUES
(1, 0, 0),
(2, 830, 830),
(3, 1861, 1031),
(4, 2902, 1041),
(5, 3980, 1078),
(6, 5126, 1146),
(7, 6390, 1264),
(8, 7787, 1397),
(9, 9400, 1613),
(10, 11275, 1875),
(11, 13605, 2330),
(12, 16372, 2767),
(13, 19656, 3284),
(14, 23546, 3890),
(15, 28138, 4592),
(16, 33520, 5382),
(17, 39809, 6289),
(18, 47109, 7300),
(19, 55535, 8426),
(20, 64802, 9267),
(21, 77190, 12388),
(22, 90811, 13621),
(23, 106221, 15410),
(24, 123573, 17352),
(25, 143025, 19452),
(26, 164742, 21717),
(27, 188893, 24151),
(28, 215651, 26758),
(29, 245196, 29545),
(30, 277713, 32517),
(31, 316311, 38598),
(32, 358547, 42236),
(33, 404634, 46087),
(34, 454796, 50162),
(35, 509259, 54463),
(36, 568254, 58995),
(37, 632019, 63765),
(38, 700797, 68778),
(39, 774834, 74037),
(40, 854383, 79549),
(41, 946227, 91844),
(42, 1044569, 98342),
(43, 1149696, 105127),
(44, 1261903, 112207),
(45, 1381488, 119585),
(46, 1508756, 127268),
(47, 1644015, 135259),
(48, 1787581, 143566),
(49, 1939773, 152192),
(50, 2100917, 161144),
(51, 2283490, 182573),
(52, 2476369, 192879),
(53, 2679907, 203538),
(54, 2894505, 214598),
(55, 3120508, 226003),
(56, 3358307, 237799),
(57, 3608290, 249983),
(58, 3870846, 262556),
(59, 4146374, 275528),
(60, 4435275, 288901),
(61, 4758122, 322847),
(62, 5096111, 337989),
(63, 5449685, 353574),
(64, 5819299, 369614),
(65, 6205407, 386108),
(66, 6608473, 403066),
(67, 7028964, 420491),
(68, 7467354, 438390),
(69, 7924122, 456768),
(70, 8399751, 475629),
(71, 8925664, 525913),
(72, 9472665, 547001),
(73, 10041285, 568620),
(74, 10632061, 590776),
(75, 11245538, 613477),
(76, 11882262, 636724),
(77, 12542789, 660527),
(78, 13227679, 684890),
(79, 13937496, 709817),
(80, 14672812, 735316),
(81, 15478994, 806182),
(82, 16313404, 834410),
(83, 17176661, 863257),
(84, 18069395, 892734),
(85, 18992239, 922844),
(86, 19945833, 953594),
(87, 20930821, 984988),
(88, 21947856, 1017035),
(89, 22997593, 1049737),
(90, 24080695, 1083102),
(91, 25259906, 1179211),
(92, 26475754, 1215848),
(93, 27728955, 1253201),
(94, 29020233, 1291278),
(95, 30350318, 1330085),
(96, 31719944, 1369626),
(97, 33129852, 1409908),
(98, 34580790, 1450938),
(99, 36073511, 1492721),
(100, 37608773, 1535262),
(101, 39270442, 1661669),
(102, 40978509, 1708067),
(103, 42733789, 1755280),
(104, 44537107, 1803318),
(105, 46389292, 1852185),
(106, 48291180, 1901888),
(107, 50243611, 1952431),
(108, 52247435, 2003824),
(109, 54303504, 2056069),
(110, 56412678, 2109174),
(111, 58575823, 2163145),
(112, 60793812, 2217989),
(113, 63067521, 2273709),
(114, 65397835, 2330314),
(115, 67785643, 2387808),
(116, 70231841, 2446198),
(117, 72737330, 2505489),
(118, 75303019, 2565689),
(119, 77929820, 2626801),
(120, 80618654, 2688834);

-- --------------------------------------------------------

--
-- Table structure for table `mqc`
--

CREATE TABLE IF NOT EXISTS `mqc` (
  `Task` varchar(271) DEFAULT NULL,
  `Category` varchar(13) DEFAULT NULL,
  `Progress` varchar(7) DEFAULT NULL,
  `Other Reqs` varchar(53) DEFAULT NULL,
  `Attack` int(2) DEFAULT NULL,
  `Defence` int(2) DEFAULT NULL,
  `Strength` int(2) DEFAULT NULL,
  `Constitution` int(10) DEFAULT NULL,
  `Ranged` int(10) DEFAULT NULL,
  `Prayer` int(10) DEFAULT NULL,
  `Magic` int(2) DEFAULT NULL,
  `Cooking` int(2) DEFAULT NULL,
  `Woodcutting` int(2) DEFAULT NULL,
  `Fletching` int(2) DEFAULT NULL,
  `Fishing` int(2) DEFAULT NULL,
  `Firemaking` int(2) DEFAULT NULL,
  `Crafting` int(2) DEFAULT NULL,
  `Smithing` int(2) DEFAULT NULL,
  `Mining` int(2) DEFAULT NULL,
  `Herblore` int(2) DEFAULT NULL,
  `Agility` int(2) DEFAULT NULL,
  `Thieving` int(2) DEFAULT NULL,
  `Slayer` int(2) DEFAULT NULL,
  `Farming` int(2) DEFAULT NULL,
  `Runecrafting` int(2) DEFAULT NULL,
  `Hunter` int(2) DEFAULT NULL,
  `Construction` int(2) DEFAULT NULL,
  `Summoning` int(2) DEFAULT NULL,
  `Dungeoneering` int(3) DEFAULT NULL,
  `Divination` int(2) DEFAULT NULL,
  `Invention` int(10) DEFAULT NULL,
  `id` int(11) NOT NULL AUTO_INCREMENT,
  PRIMARY KEY (`id`),
  UNIQUE KEY `id` (`id`)
) ENGINE=MyISAM  DEFAULT CHARSET=utf8 AUTO_INCREMENT=57 ;

--
-- Dumping data for table `mqc`
--

INSERT INTO `mqc` (`Task`, `Category`, `Progress`, `Other Reqs`, `Attack`, `Defence`, `Strength`, `Constitution`, `Ranged`, `Prayer`, `Magic`, `Cooking`, `Woodcutting`, `Fletching`, `Fishing`, `Firemaking`, `Crafting`, `Smithing`, `Mining`, `Herblore`, `Agility`, `Thieving`, `Slayer`, `Farming`, `Runecrafting`, `Hunter`, `Construction`, `Summoning`, `Dungeoneering`, `Divination`, `Invention`, `id`) VALUES
('Completed all Court Cases.', 'D&D', '12/16', '', 0, 0, 0, 0, 0, 0, 0, 0, 0, 0, 0, 0, 0, 0, 0, 0, 0, 0, 0, 0, 0, 0, 0, 0, 0, 0, 0, 1),
('Claimed the enhanced fire cape override from TzHaar-Mej-Jeh by trading the TokHaar-Kal-Ket, TokHaar-Kal-Mej, and TokHaar-Kal-Xil from the Fight Kiln for the override.', 'Bossing', '', 'Beat Jad & Kiln 3x', 0, 0, 0, 0, 0, 0, 0, 0, 0, 0, 0, 0, 0, 0, 0, 0, 0, 0, 0, 0, 0, 0, 0, 0, 0, 0, 0, 2),
('Completed all Player-owned port story voyages: the Hyu-Ji, Quin, Eastern Curiosities, and Guardians of the World storylines.', 'Miniquest', '0/4', '', 0, 0, 0, 0, 0, 0, 0, 0, 0, 0, 90, 0, 0, 0, 0, 0, 90, 90, 0, 0, 90, 90, 90, 0, 90, 90, 0, 3),
('Completed Koschei''s Troubles and unlocked all coloured versions of the Balmung by unlocking the coloured jewels.', 'Miniquest', '', '', 0, 0, 90, 0, 0, 0, 0, 0, 0, 0, 0, 0, 0, 0, 0, 0, 0, 0, 0, 0, 0, 0, 0, 0, 0, 0, 0, 4),
('Found the hidden Ga''al.', 'Miniquest', '', '', 0, 0, 0, 0, 0, 0, 0, 0, 0, 0, 0, 0, 0, 0, 0, 0, 0, 0, 0, 0, 0, 0, 0, 0, 0, 0, 0, 5),
('Unlocked the Annihilator title during or after Fate of the Gods.', 'PQR', '', '', 0, 0, 0, 0, 0, 0, 0, 0, 0, 0, 0, 0, 0, 0, 0, 0, 0, 0, 0, 0, 0, 0, 0, 0, 0, 0, 0, 6),
('Completed the Azdaran document by finding all ten fragments in Keldagrim.', 'Scavenger', '', '', 0, 0, 0, 0, 0, 0, 0, 0, 0, 0, 0, 0, 0, 0, 95, 0, 0, 0, 0, 0, 0, 0, 0, 0, 0, 0, 0, 7),
('Completed Scabaras research by finding all nineteen pages.', 'PVM', '0/19', '', 0, 0, 0, 0, 0, 0, 0, 0, 0, 0, 0, 0, 0, 0, 0, 0, 0, 0, 0, 0, 0, 0, 0, 0, 0, 0, 0, 8),
('Found and read Sakirth''s, Strisath''s and Kalibath''s journals, and Phalaks'' experiment log from the adamant dragons in the Dragonkin Lair after Hero''s Welcome.', 'PVM', '', '', 0, 0, 0, 0, 0, 0, 0, 0, 0, 0, 0, 0, 0, 0, 0, 0, 0, 0, 0, 0, 0, 0, 0, 0, 0, 0, 0, 9),
('Gathered one hundred elder chronicles on Freneskae for all ten entries at Guthix''s shrine.', 'Skilling', '', '', 0, 0, 0, 0, 0, 0, 0, 0, 0, 0, 0, 0, 0, 0, 0, 0, 0, 0, 0, 0, 0, 0, 0, 0, 0, 0, 0, 10),
('Completed Forcae''s journal by finding all ten pages from rune and adamant dragons.', 'PVM', '2/10', '', 0, 0, 0, 0, 0, 0, 0, 0, 0, 0, 0, 0, 0, 0, 0, 0, 0, 0, 0, 0, 0, 0, 0, 0, 0, 0, 0, 11),
('Found and read the last riders book from the King Black Dragon.', 'Bossing', '0/1', '', 0, 0, 0, 0, 0, 0, 0, 0, 0, 0, 0, 0, 0, 0, 0, 0, 0, 0, 0, 0, 0, 0, 0, 0, 0, 0, 0, 12),
('Found and read all four of Kerapac''s Dragonkin journals from the Queen Black Dragon.', 'Bossing', '1/4', '', 0, 0, 0, 0, 0, 0, 0, 0, 0, 0, 0, 0, 0, 0, 0, 0, 0, 0, 0, 0, 0, 0, 0, 0, 0, 0, 0, 13),
('Found all thirty mysterious chronicles of Bilrach in Daemonheim.', 'Dungeoneering', '17/30', '', 0, 0, 0, 0, 0, 0, 0, 0, 0, 0, 0, 0, 0, 0, 0, 0, 0, 0, 0, 0, 0, 0, 0, 0, 119, 0, 0, 14),
('Found all five Kal''gerion notes in Daemonheim.', 'Dungeoneering', '2/5', '', 0, 0, 0, 0, 0, 0, 0, 0, 0, 0, 0, 0, 0, 0, 0, 0, 0, 0, 0, 0, 0, 0, 0, 0, 113, 0, 0, 15),
('Found all five Stalker notes in Daemonheim.', 'Dungeoneering', '2/5', '', 0, 0, 0, 0, 0, 0, 0, 0, 0, 0, 0, 0, 0, 0, 0, 0, 0, 0, 0, 0, 0, 0, 0, 0, 107, 0, 0, 16),
('Found all five Behemoth notes in Daemonheim.', 'Dungeoneering', '3/5', '', 0, 0, 0, 0, 0, 0, 0, 0, 0, 0, 0, 0, 0, 0, 0, 0, 0, 0, 0, 0, 0, 0, 0, 0, 101, 0, 0, 17),
('Found all ten Marmaros and Thok letters in Daemonheim.', 'Dungeoneering', '6/10', '', 0, 0, 0, 0, 0, 0, 0, 0, 0, 0, 0, 0, 0, 0, 0, 0, 0, 0, 0, 0, 0, 0, 0, 0, 107, 0, 0, 18),
('Found the first fifteen miscellaneous journals in Daemonheim.', 'Dungeoneering', '10/15', '', 0, 0, 0, 0, 0, 0, 0, 0, 0, 0, 0, 0, 0, 0, 0, 0, 0, 0, 0, 0, 0, 0, 0, 0, 95, 0, 0, 19),
('Found all five God Wars journals (Armadyl''s Assault, Zilyana''s Notes, The Glory of General Graardor, Nex''s Followers, and Razulei''s Tale).', 'Bossing', '0/5', '', 0, 0, 0, 0, 0, 0, 0, 0, 0, 0, 0, 0, 0, 0, 0, 0, 0, 0, 0, 0, 0, 0, 0, 0, 0, 0, 0, 20),
('Completed the History of the Order by finding all twenty two pages in the Monastery of Ascension.', 'PVM', '0/20', '', 0, 0, 0, 0, 0, 0, 0, 0, 0, 0, 0, 0, 0, 0, 0, 0, 0, 0, 0, 0, 0, 0, 0, 0, 0, 0, 0, 21),
('Found all five stone fragments on Mazcab and taken them to the Ancient statue.', 'Scavenger', '0/5', '', 0, 0, 0, 0, 0, 0, 0, 0, 0, 0, 0, 0, 0, 0, 0, 0, 0, 0, 0, 0, 0, 0, 0, 0, 0, 0, 0, 22),
('Completed the dominion journal by finding all twenty pages in the Dominion Tower.', 'D&D', '0/20', '', 0, 0, 0, 0, 0, 0, 0, 0, 0, 0, 0, 0, 0, 0, 0, 0, 0, 0, 0, 0, 0, 0, 0, 0, 0, 0, 0, 23),
('Completed my notes by finding all twenty six ancient pages in the Ancient Cavern.', 'PVM', '0/26', '', 0, 0, 0, 0, 0, 0, 0, 0, 0, 0, 0, 0, 0, 0, 0, 0, 0, 0, 0, 0, 0, 0, 0, 0, 0, 0, 0, 24),
('Completed Kaigi''s journal by finding all four pages from airuts.', 'PVM', '0/4', '', 0, 0, 0, 0, 0, 0, 0, 0, 0, 0, 0, 0, 0, 0, 0, 0, 0, 0, 92, 0, 0, 0, 0, 0, 0, 0, 0, 25),
('Completed the New Varrock Tasks during the initial and subsequent completions of Dimension of Disaster.', 'PQR', '', '', 0, 0, 0, 0, 0, 0, 0, 0, 0, 0, 0, 0, 0, 0, 0, 0, 0, 90, 0, 0, 0, 0, 0, 0, 0, 0, 0, 26),
('Unlocked all rewards from Dimension of Disaster bought with silver pennies at the shop run by Gypsy Aris (excluding the weekly lamp). The Chromatic partyhat, obtained from Thessalia using Zemomarks, does not need to be purchased.', 'PQR', '', '', 0, 0, 0, 0, 0, 0, 0, 0, 0, 0, 0, 0, 0, 0, 0, 0, 0, 0, 0, 0, 0, 0, 0, 0, 0, 0, 0, 27),
('Opened and claimed all experience from the three chests found during or after Dishonour among Thieves. You can find these chests in the Zamorak''s hideout. To return there use the communication device.', 'PQR', '', '', 90, 90, 90, 0, 0, 0, 90, 0, 90, 90, 90, 0, 0, 90, 90, 90, 90, 90, 0, 90, 90, 90, 90, 90, 90, 90, 0, 28),
('Claimed the Divination XP lamp in Prifddinas after Plague''s End by collecting fifteen each of truthful, blissful and manifest shadow cores for Lord Amlodd. No need to hand in the cores, simply kill the corresponding shadow creatures and pick up the cores which they drop.', 'PQR', '', '', 0, 0, 0, 0, 0, 0, 0, 0, 0, 0, 0, 0, 0, 0, 0, 0, 0, 0, 0, 0, 0, 0, 0, 0, 0, 0, 0, 29),
('Claimed the Farming XP lamp in Prifddinas by growing three spirit trees at once and then talk with the Spirit Tree in Prifddinas and Glouron after unlocking the growing ability from Glouron after Plague''s End.', 'PQR', '', '', 0, 0, 0, 0, 0, 0, 0, 0, 0, 0, 0, 0, 0, 0, 0, 0, 0, 0, 0, 89, 0, 0, 0, 0, 0, 0, 0, 30),
('Claimed the Magic XP lamp in Prifddinas after Plague''s End by giving Lady Ithell magical crystal weaponry.', 'PQR', '', '', 0, 0, 0, 0, 0, 0, 0, 0, 0, 0, 0, 0, 0, 0, 0, 0, 0, 0, 0, 0, 0, 0, 0, 0, 0, 0, 0, 31),
('Claimed the Melee XP lamp in Prifddinas after Plague''s End by giving Lady Meilyr a super melee potion which is unlocked by finding the first Meilyr recipe in Daemonheim.', 'PQR', '', '', 0, 0, 0, 0, 0, 0, 0, 0, 0, 0, 0, 0, 0, 0, 0, 0, 0, 0, 0, 0, 0, 0, 0, 0, 0, 0, 0, 32),
('Claimed the Slayer XP lamp in Prifddinas after Plague''s End by clearing wave twenty on any difficulty in Rush of Blood for Morvran.', 'PQR', '', '', 0, 0, 0, 0, 0, 0, 0, 0, 0, 0, 0, 0, 0, 0, 0, 0, 0, 0, 0, 0, 0, 0, 0, 0, 0, 0, 0, 33),
('Claimed the Smithing XP lamp in Prifddinas after Plague''s End by smelting one hundred corrupted ore for Lady Trahaearn.', 'PQR', '', '', 0, 0, 0, 0, 0, 0, 0, 0, 0, 0, 0, 0, 0, 89, 0, 0, 0, 0, 0, 0, 0, 0, 0, 0, 0, 0, 0, 34),
('Completed all three challenges from Maria and opened all chests after the initial completion of Broken Home.', 'PQR', '', '', 90, 90, 90, 0, 0, 0, 90, 0, 90, 90, 90, 0, 0, 90, 90, 90, 90, 90, 0, 90, 90, 90, 90, 90, 90, 90, 0, 35),
('Fully enchanted the broomstick after Swept Away.', 'PQR', '', '', 0, 0, 0, 0, 0, 0, 93, 0, 0, 0, 0, 0, 0, 0, 0, 0, 0, 0, 0, 0, 0, 0, 0, 0, 0, 0, 0, 36),
('Unlocked the full power of the Ivandis flail and blisterwood weapons by burning 500 Vyre corpses.', 'PVM', '200/500', '', 0, 0, 0, 0, 0, 0, 0, 0, 0, 0, 0, 0, 0, 0, 0, 0, 0, 0, 0, 0, 0, 0, 0, 0, 0, 0, 0, 37),
('Hunted the Thalassus ten times after the Deadliest Catch quest.', 'PQR', '0/10', '', 0, 0, 0, 0, 0, 0, 0, 0, 0, 0, 0, 0, 0, 0, 0, 0, 0, 0, 0, 0, 0, 0, 0, 0, 0, 0, 0, 38),
('Completed twenty five chimp ice deliveries after Do No Evil.', 'PQR', '0/25', '', 0, 0, 0, 0, 0, 0, 0, 0, 0, 0, 0, 0, 0, 0, 0, 0, 0, 0, 0, 0, 0, 0, 0, 0, 0, 0, 0, 39),
('Unlocked the ogre bowman hat from chompy bird hunting after Big Chompy Bird Hunting.', 'PQR', '', '', 0, 0, 0, 0, 0, 0, 0, 0, 0, 0, 0, 0, 0, 0, 0, 0, 0, 0, 0, 0, 0, 0, 0, 0, 0, 0, 0, 40),
('Returned the ancient elven wedding ring to Angof after the Light Within.', 'PVM', '', '', 0, 0, 0, 0, 0, 0, 0, 0, 0, 0, 0, 0, 0, 0, 0, 0, 0, 0, 0, 0, 0, 0, 0, 0, 0, 0, 0, 42),
('Fully looted Archmage Sedridor''s chest after Rune Memories.', 'PQR', '', '', 0, 0, 0, 0, 0, 0, 0, 0, 0, 0, 0, 0, 0, 0, 0, 0, 0, 0, 0, 0, 99, 0, 0, 0, 0, 0, 0, 43),
('Found and read all five miner''s journals and the diary of Jebediah Omnis from Ripper Demons.', 'PVM', '', '', 0, 0, 0, 0, 0, 0, 0, 0, 0, 0, 0, 0, 0, 0, 0, 0, 0, 0, 96, 0, 0, 0, 0, 0, 0, 0, 0, 44),
('Found and read the Ugthanatos book from the Camel Warriors.', 'PVM', '', '', 0, 0, 0, 0, 0, 0, 0, 0, 0, 0, 0, 0, 0, 0, 0, 0, 0, 0, 96, 0, 0, 0, 0, 0, 0, 0, 0, 45),
('Completed Head of the Family.', 'Miniquest', '', '', 0, 0, 0, 0, 0, 0, 0, 0, 90, 0, 90, 0, 0, 0, 0, 0, 0, 0, 0, 0, 0, 0, 0, 0, 0, 0, 0, 46),
('Completed Spiritual Enlightenment.', 'Miniquest', '', '', 0, 0, 0, 0, 0, 0, 0, 0, 0, 0, 0, 0, 0, 0, 0, 0, 0, 0, 0, 0, 0, 0, 0, 0, 0, 0, 0, 47),
('Completed Jed Hunter.', 'Miniquest', '', '', 0, 0, 0, 0, 0, 0, 0, 0, 0, 0, 0, 0, 91, 0, 0, 0, 0, 0, 0, 0, 0, 90, 0, 0, 0, 0, 0, 48),
('Completed Eye for an Eye.', 'Miniquest', '', 'Jed Hunter', 0, 0, 0, 0, 0, 0, 0, 0, 0, 0, 0, 0, 0, 0, 0, 0, 0, 0, 0, 0, 0, 0, 0, 0, 0, 0, 0, 49),
('Completed Harbinger of Doom.', 'Miniquest', '', 'Eye for an Eye', 0, 0, 0, 0, 0, 0, 0, 0, 0, 0, 0, 0, 0, 0, 0, 0, 0, 0, 0, 0, 0, 0, 0, 0, 0, 0, 0, 50),
('Completed Tuai Leit''s Own.', 'Miniquest', '', '', 0, 0, 0, 0, 0, 0, 0, 0, 0, 0, 0, 0, 0, 0, 0, 0, 0, 0, 0, 0, 0, 0, 0, 0, 0, 90, 0, 51),
('Completed Ghosts from the Past.', 'Miniquest', '', 'Harbinger of Doom', 0, 0, 0, 0, 0, 0, 0, 0, 0, 0, 0, 0, 0, 0, 0, 0, 0, 0, 0, 0, 0, 0, 0, 0, 0, 0, 0, 52),
('Completed Damage Control.', 'Miniquest', '', 'Harbinger of Doom', 0, 0, 0, 0, 0, 0, 0, 0, 0, 0, 0, 0, 0, 0, 0, 0, 0, 0, 0, 0, 0, 0, 0, 0, 0, 0, 0, 53),
('Completed Final Destination.', 'Miniquest', '', 'Tuai Leit''s Own, Ghosts from the Past, Damage Control', 0, 0, 0, 0, 0, 0, 0, 0, 0, 0, 0, 0, 0, 0, 0, 0, 0, 0, 0, 0, 0, 0, 0, 0, 0, 0, 0, 54),
('Found all four Senntisten scrolls in The Empty Throne Room after The Dig Site.', 'D&D', '1/4', '', 0, 0, 0, 0, 0, 0, 0, 0, 0, 0, 0, 0, 0, 0, 0, 0, 0, 0, 0, 0, 0, 0, 0, 0, 0, 0, 0, 55),
('Found and read The Promised Gift and The Praesul books from Nex: Angel of Death.', 'Bossing', '0/2', NULL, NULL, NULL, NULL, NULL, NULL, NULL, NULL, NULL, NULL, NULL, NULL, NULL, NULL, NULL, NULL, NULL, NULL, NULL, NULL, NULL, NULL, NULL, NULL, NULL, NULL, NULL, NULL, 56);

-- --------------------------------------------------------

--
-- Table structure for table `oldstats`
--

CREATE TABLE IF NOT EXISTS `oldstats` (
  `skill` varchar(14) DEFAULT NULL,
  `rank` int(6) DEFAULT NULL,
  `level` int(4) DEFAULT NULL,
  `xp` int(8) DEFAULT NULL,
  `id` int(2) DEFAULT NULL,
  UNIQUE KEY `id` (`id`)
) ENGINE=MyISAM DEFAULT CHARSET=utf8;

--
-- Dumping data for table `oldstats`
--

INSERT INTO `oldstats` (`skill`, `rank`, `level`, `xp`, `id`) VALUES
('Overall ', 196767, 1813, 39463224, 0),
('Attack ', 415804, 82, 2427338, 1),
('Defence ', 483976, 78, 1652082, 2),
('Strength ', 852708, 79, 1865184, 3),
('Constitution ', 519057, 83, 2832620, 4),
('Ranged ', 516166, 77, 1606708, 5),
('Prayer ', 153352, 72, 944588, 6),
('Magic ', 487079, 79, 1879138, 7),
('Cooking ', 99324, 99, 13166097, 8),
('Woodcutting ', 837365, 78, 1635644, 9),
('Fletching ', 704779, 71, 875098, 10),
('Fishing ', 688742, 72, 904929, 11),
('Firemaking ', 187613, 81, 2287739, 12),
('Crafting ', 300626, 67, 567085, 13),
('Smithing ', 198546, 71, 820022, 14),
('Mining ', 413069, 71, 861470, 15),
('Herblore ', 205440, 63, 403686, 16),
('Agility ', 133407, 71, 823238, 17),
('Thieving ', 235907, 66, 513190, 18),
('Slayer ', 244006, 71, 840955, 19),
('Farming ', 184721, 65, 453490, 20),
('Runecrafting ', 161141, 64, 412554, 21),
('Hunter ', 397767, 63, 385760, 22),
('Construction ', 158738, 70, 742640, 23),
('Summoning ', 244927, 62, 334725, 24),
('Dungeoneering ', 137940, 58, 227244, 25),
('Divination', 0, 1, 0, 26),
('Invention', 0, 1, 0, 27);

-- --------------------------------------------------------

--
-- Table structure for table `quests`
--

CREATE TABLE IF NOT EXISTS `quests` (
  `Quest` varchar(23) DEFAULT NULL,
  `Quests` varchar(53) DEFAULT NULL,
  `Attack` int(10) DEFAULT NULL,
  `Defence` int(10) DEFAULT NULL,
  `Strength` int(10) DEFAULT NULL,
  `Constitution` int(10) DEFAULT NULL,
  `Ranged` int(10) DEFAULT NULL,
  `Prayer` int(10) DEFAULT NULL,
  `Magic` int(10) DEFAULT NULL,
  `Cooking` int(10) DEFAULT NULL,
  `Woodcutting` int(2) DEFAULT NULL,
  `Fletching` int(10) DEFAULT NULL,
  `Fishing` int(2) DEFAULT NULL,
  `Firemaking` int(10) DEFAULT NULL,
  `Crafting` int(2) DEFAULT NULL,
  `Smithing` int(10) DEFAULT NULL,
  `Mining` int(10) DEFAULT NULL,
  `Herblore` int(10) DEFAULT NULL,
  `Agility` int(10) DEFAULT NULL,
  `Thieving` int(10) DEFAULT NULL,
  `Slayer` int(2) DEFAULT NULL,
  `Farming` int(10) DEFAULT NULL,
  `Runecrafting` int(10) DEFAULT NULL,
  `Hunter` int(2) DEFAULT NULL,
  `Construction` int(10) DEFAULT NULL,
  `Summoning` int(10) DEFAULT NULL,
  `Dungeoneering` int(10) DEFAULT NULL,
  `Divination` int(2) DEFAULT NULL,
  `Invention` int(10) DEFAULT NULL,
  `id` int(11) NOT NULL AUTO_INCREMENT,
  PRIMARY KEY (`id`),
  UNIQUE KEY `id` (`id`)
) ENGINE=MyISAM  DEFAULT CHARSET=utf8 AUTO_INCREMENT=12 ;

--
-- Dumping data for table `quests`
--

INSERT INTO `quests` (`Quest`, `Quests`, `Attack`, `Defence`, `Strength`, `Constitution`, `Ranged`, `Prayer`, `Magic`, `Cooking`, `Woodcutting`, `Fletching`, `Fishing`, `Firemaking`, `Crafting`, `Smithing`, `Mining`, `Herblore`, `Agility`, `Thieving`, `Slayer`, `Farming`, `Runecrafting`, `Hunter`, `Construction`, `Summoning`, `Dungeoneering`, `Divination`, `Invention`, `id`) VALUES
('Hidden Ga''al', '', 0, 0, 0, 0, 0, 0, 0, 0, 0, 0, 0, 0, 0, 0, 0, 0, 0, 0, 0, 0, 0, 0, 0, 0, 0, 0, 0, 1),
('Spiritual Enlightenment', '', 0, 0, 0, 0, 0, 0, 0, 0, 0, 0, 0, 0, 0, 0, 0, 0, 0, 0, 0, 0, 0, 0, 0, 0, 0, 0, 0, 2),
('Head of the Family', '', 0, 0, 0, 0, 0, 0, 0, 0, 90, 0, 90, 0, 0, 0, 0, 0, 0, 0, 0, 0, 0, 0, 0, 0, 0, 0, 0, 3),
('Jed Hunter', 'Head of the Family', 0, 0, 0, 0, 0, 0, 0, 0, 0, 0, 0, 0, 91, 0, 0, 0, 0, 0, 0, 0, 0, 90, 0, 0, 0, 0, 0, 4),
('Eye for an Eye', 'Jed Hunter', 0, 0, 0, 0, 0, 0, 0, 0, 0, 0, 0, 0, 0, 0, 0, 0, 0, 0, 0, 0, 0, 0, 0, 0, 0, 0, 0, 5),
('Harbinger of Doom', 'Eye for an Eye', 0, 0, 0, 0, 0, 0, 0, 0, 0, 0, 0, 0, 0, 0, 0, 0, 0, 0, 0, 0, 0, 0, 0, 0, 0, 0, 0, 6),
('Tuai Leit''s Own', '', 0, 0, 0, 0, 0, 0, 0, 0, 0, 0, 0, 0, 0, 0, 0, 0, 0, 0, 0, 0, 0, 0, 0, 0, 0, 90, 0, 7),
('Ghosts from the Past', 'Harbinger of Doom', 0, 0, 0, 0, 0, 0, 0, 0, 0, 0, 0, 0, 0, 0, 0, 0, 0, 0, 0, 0, 0, 0, 0, 0, 0, 0, 0, 8),
('Damage Control', 'Harbinger of Doom', 0, 0, 0, 0, 0, 0, 0, 0, 0, 0, 0, 0, 0, 0, 0, 0, 0, 0, 0, 0, 0, 0, 0, 0, 0, 0, 0, 9),
('Final Destination', 'Tuai Leit''s Own, Ghosts from the Past, Damage Control', 0, 0, 0, 0, 0, 0, 0, 0, 0, 0, 0, 0, 0, 0, 0, 0, 0, 0, 0, 0, 0, 0, 0, 0, 0, 0, 0, 10),
('PoP story voyages', NULL, NULL, NULL, NULL, NULL, NULL, NULL, NULL, NULL, NULL, NULL, 90, NULL, NULL, NULL, NULL, NULL, 90, 90, 0, NULL, 90, 90, 90, NULL, 90, 90, NULL, 11);

-- --------------------------------------------------------

--
-- Table structure for table `reference`
--

CREATE TABLE IF NOT EXISTS `reference` (
  `name` text NOT NULL,
  `link` text NOT NULL,
  `image` text NOT NULL,
  `id` int(11) NOT NULL AUTO_INCREMENT,
  PRIMARY KEY (`id`),
  UNIQUE KEY `id` (`id`)
) ENGINE=MyISAM  DEFAULT CHARSET=latin1 AUTO_INCREMENT=7 ;

--
-- Dumping data for table `reference`
--

INSERT INTO `reference` (`name`, `link`, `image`, `id`) VALUES
('RuneMetrics', 'https://apps.runescape.com/runemetrics/app/my-profile', '', 1),
('Portables FC', 'https://docs.google.com/spreadsheets/d/16Yp-eLHQtgY05q6WBYA2MDyvQPmZ4Yr3RHYiBCBj2Hc/edit#gid=915793480', '', 2),
('Strange and Golden Rocks', 'https://i.imgur.com/Z911npv.png', '', 3),
('Efficient Clue Scans', 'https://imgur.com/a/yKTZa', '', 4),
('RuneHQ MQC Guide', 'https://www.runehq.com/special/tips-and-tricks-to-obtaining-the-master-quest-cape', '', 5),
('Rune Goldberg Calculator', 'http://runescape.wikia.com/wiki/Calculator:Rune_Goldberg_Machine_2', '', 6);

-- --------------------------------------------------------

--
-- Table structure for table `slayer`
--

CREATE TABLE IF NOT EXISTS `slayer` (
  `monster` varchar(20) DEFAULT NULL,
  `style` varchar(11) DEFAULT NULL,
  `location` varchar(25) DEFAULT NULL,
  `food` varchar(2) DEFAULT NULL,
  `prayer` varchar(1) DEFAULT NULL,
  `aggro` varchar(1) DEFAULT NULL,
  `aura` varchar(20) DEFAULT NULL,
  `undead` varchar(1) DEFAULT NULL,
  `zaros shard` varchar(1) DEFAULT NULL,
  `contract` varchar(1) DEFAULT NULL,
  `luck` varchar(1) DEFAULT NULL,
  `alch` varchar(1) DEFAULT NULL,
  `mask` varchar(1) DEFAULT NULL,
  `herbicide` varchar(1) DEFAULT NULL,
  `seedicide` varchar(1) DEFAULT NULL,
  `gembag` varchar(1) DEFAULT NULL,
  `urn` varchar(1) DEFAULT NULL,
  UNIQUE KEY `monster` (`monster`)
) ENGINE=MyISAM DEFAULT CHARSET=utf8;

--
-- Dumping data for table `slayer`
--

INSERT INTO `slayer` (`monster`, `style`, `location`, `food`, `prayer`, `aggro`, `aura`, `undead`, `zaros shard`, `contract`, `luck`, `alch`, `mask`, `herbicide`, `seedicide`, `gembag`, `urn`) VALUES
('Abberant Spectres', 'Thrown', 'Slayer Tower', '', '', '', '', 'x', '', 'x', '2', 'x', '', '', 'x', 'x', ''),
('Automatons', 'Arrows', 'Guthixs Shrine', '', '', '', '', '', '', '', '2', '', 'x', '', 'x', 'x', ''),
('Aviansie', 'Bolts', 'God Wars Dungeon', '', '', '', '', '', 'x', '', '', '', '', 'x', '', 'x', ''),
('Black Demons', 'Bolts', 'Taverley Dungeon', '10', '', '', '', '', '', '', '', 'x', '', '', '', 'x', 'x'),
('Black Dragons', 'SGS', 'KBD Lair', '2', '1', '', '', '', '', '', '1', '', '', '', '', 'x', ''),
('Blue Dragons', 'Bolts', 'Kuradals Dungeon', '', '', '', '', '', '', '', '', '', '', 'x', '', 'x', ''),
('Bloodvelds', 'Fire', 'Meiyerditch Dungeon', '3', '', '1', '', '', '', '', '', 'x', 'x', 'x', '', 'x', ''),
('Celestial Dragons', 'Dragonbane', 'Dragontooth Island', '', '', '', '', '', '', '', '3', 'x', '', '', '', '', ''),
('Dagannoth', 'Balmung', 'Waterbirth Island Dungeon', '', '', '', '', '', '', '', '', '', '', '', '', '', ''),
('Desert Strykewyrm', 'Ranged', 'Al Kharid', '', '', '', '', '', '', '', '2', 'x', 'x', '', 'x', 'x', ''),
('Dust Devils', 'Crush', 'Chaos Dungeon', '', '', '', '', '', '', '', '2', '', 'x', 'x', 'x', '', ''),
('Elves', 'Fire', 'Elf Camp', '', '', '1', '', '', '', '', '', '', '', 'x', 'x', 'x', ''),
('Fire Giant', 'Slash', 'Waterfall Dungeon', '', '', '', '', '', '', '', '', 'x', '', 'x', '', 'x', ''),
('Fungal Magi', 'Magic', 'Polypore Dungeon', '', '', '', '', '', '', '', '', '', '', '', '', '', ''),
('Gargoyles', 'Magic', 'Slayer Tower', '', '', '', '', '', '', 'x', '', '', '', '', '', '', ''),
('Greater Demons', 'Ranged', 'Kuradals Dungeon', '', '', '', '', '', '', '', '', '', '', '', '', '', 'x'),
('Grotworm', 'Bolts', 'Grotworm Lair', '', '', '', '', '', '', '', '3', 'x', '', 'x', 'x', '', ''),
('Hellhounds', 'Melee', 'Kuradals Dungeon', '', '', '', '', '', '', '', '', '', '', '', '', '', ''),
('Iron Dragons', 'Magic', 'Kuradals Dungeon', '', '', '', '', '', '', '', '', '', '', '', '', '', ''),
('Kalphites', 'Melee', 'Kalphite Lair', '', '', '', '', '', '', '', '', '', '', '', '', '', ''),
('Mutated Jadinkos', 'Melee', 'Jadinko Lair', '', '', '', '', '', '', '', '', '', '', '', '', '', ''),
('Nechrayel', 'Melee', 'Slayer Tower', '', '', '1', '', '', '', 'x', '', 'x', '', '', 'x', 'x', 'x'),
('Rune Dragons', 'Dragonbane', 'Kethsi', '30', '2', '', 'Vampyrism', '', '', '', '', '', '', '', '', '', ''),
('Spiritual Mages', 'Bolts', 'God Wars Dungeon', '', '1', '', '', 'x', 'x', '', '3', 'x', '', '', '', 'x', ''),
('Steel Dragons', 'Water', 'Kuradals Dungeon', '', '', '', '', '', '', '', '', 'x', '', '', '', 'x', ''),
('Warped Terrorbirds', 'Ranged', 'Poison Waste Dungeon', '4', '', '', '', '', '', '', '', '', '', '', '', '', ''),
('Warped Tortoises', 'Ranged', 'Poison Waste Dungeon', '', '', '', '', '', '', '', '', '', '', '', '', '', ''),
('Waterfiends', 'Silverlight', 'Ancient Cavern', '', '2', '', 'Vampyrism', '', '', '', '3', 'x', '', '', '', 'x', ''),
('Vyrewatch', 'Blisterwood', 'Darkmeyer', NULL, NULL, NULL, 'Vampyrism', NULL, NULL, NULL, NULL, NULL, NULL, NULL, NULL, 'x', NULL),
('Abyssal Demons', 'Magic', 'Kuradal''s Dungeon', NULL, '2', NULL, NULL, NULL, NULL, NULL, '3', 'x', NULL, NULL, NULL, 'x', 'x'),
('Dark Beasts', 'Ranged', 'Mourner Tunnels', NULL, '2', NULL, 'Penance', NULL, NULL, NULL, '3', 'x', NULL, NULL, 'x', NULL, NULL);

-- --------------------------------------------------------

--
-- Table structure for table `stats`
--

CREATE TABLE IF NOT EXISTS `stats` (
  `skill` text NOT NULL,
  `rank` int(11) NOT NULL,
  `level` int(11) NOT NULL,
  `xp` int(11) NOT NULL,
  `xpleft` int(11) NOT NULL,
  `percent` int(11) NOT NULL,
  `tasknext` int(11) NOT NULL,
  `taskmax` int(11) NOT NULL,
  `questnext` int(11) NOT NULL,
  `questmax` int(11) NOT NULL,
  `mqcnext` int(11) NOT NULL,
  `mqcmax` int(11) NOT NULL,
  `historicaldiff` int(11) NOT NULL,
  `date` text NOT NULL,
  `id` int(11) NOT NULL,
  UNIQUE KEY `id` (`id`)
) ENGINE=MyISAM DEFAULT CHARSET=latin1;

--
-- Dumping data for table `stats`
--

INSERT INTO `stats` (`skill`, `rank`, `level`, `xp`, `xpleft`, `percent`, `tasknext`, `taskmax`, `questnext`, `questmax`, `mqcnext`, `mqcmax`, `historicaldiff`, `date`, `id`) VALUES
('Overall', 148181, 2330, 128685461, 0, 0, 65770443, 0, 19105657, 0, 139239988, 0, 0, 'May 16 2017 12:21 AM', 0),
('Attack', 310150, 87, 4339264, 46512, 89, 1007068, 1007068, 0, 0, 1007068, 1007068, 1911926, 'May 16 2017 12:21 AM', 1),
('Defence', 298900, 87, 4209033, 176743, 57, 1137299, 1137299, 0, 0, 1137299, 1137299, 2556951, 'May 16 2017 12:21 AM', 2),
('Strength', 356769, 86, 3857892, 114402, 69, 1488440, 1488440, 0, 0, 1488440, 1488440, 1992708, 'May 16 2017 12:21 AM', 3),
('Constitution', 313630, 92, 6632763, 562866, 17, 0, 0, 0, 0, 0, 0, 3800143, 'May 16 2017 12:21 AM', 4),
('Ranged', 238221, 92, 7057348, 138281, 80, 0, 0, 0, 0, 0, 0, 5450640, 'May 16 2017 12:21 AM', 5),
('Prayer', 178124, 95, 9135702, 548875, 40, 0, 0, 0, 0, 0, 0, 8191114, 'May 16 2017 12:21 AM', 6),
('Magic', 327969, 88, 4631359, 210936, 54, 714973, 714973, 0, 0, 714973, 2564270, 2752221, 'May 16 2017 12:21 AM', 7),
('Cooking', 102308, 99, 13873411, 517749, 62, 0, 0, 0, 0, 0, 0, 707314, 'May 16 2017 12:21 AM', 8),
('Woodcutting', 305572, 85, 3408202, 189590, 44, 1938130, 1938130, 1938130, 1938130, 1938130, 1938130, 1772558, 'May 16 2017 12:21 AM', 9),
('Fletching', 299527, 81, 2370576, 50511, 78, 2975756, 4825053, 0, 0, 2975756, 2975756, 1495478, 'May 16 2017 12:21 AM', 10),
('Fishing', 225036, 85, 3421110, 176682, 48, 1925222, 6263467, 1925222, 1925222, 1925222, 1925222, 2516181, 'May 16 2017 12:21 AM', 11),
('Firemaking', 207407, 94, 7945262, 826296, 0, 0, 0, 0, 0, 0, 0, 5657523, 'May 16 2017 12:21 AM', 12),
('Crafting', 137069, 90, 5535841, 366990, 34, 6269765, 6269765, 366990, 366990, 366990, 366990, 4968756, 'May 16 2017 12:21 AM', 13),
('Smithing', 191640, 84, 3073327, 185267, 40, 2273005, 5698231, 0, 0, 1768968, 2273005, 2253305, 'May 16 2017 12:21 AM', 14),
('Mining', 167589, 86, 3633877, 338417, 10, 1712455, 1712455, 0, 0, 1712455, 5137681, 2772407, 'May 16 2017 12:21 AM', 15),
('Herblore', 203070, 88, 4721559, 120736, 74, 624773, 3223055, 0, 0, 624773, 624773, 4317873, 'May 16 2017 12:21 AM', 16),
('Agility', 137944, 85, 3427308, 170484, 50, 1919024, 1919024, 1919024, 1919024, 1919024, 1919024, 2604070, 'May 16 2017 12:21 AM', 17),
('Thieving', 145271, 81, 2333937, 87150, 62, 3012395, 6437621, 3012395, 3012395, 3012395, 3012395, 1820747, 'May 16 2017 12:21 AM', 18),
('Slayer', 186828, 90, 5557919, 344912, 38, 1637710, 3213639, 0, 0, 959334, 4126658, 4716964, 'May 16 2017 12:21 AM', 19),
('Farming', 127237, 86, 3796389, 175905, 53, 1549943, 2106442, 0, 0, 1045906, 1549943, 3342899, 'May 16 2017 12:21 AM', 20),
('Runecrafting', 164276, 81, 2392282, 28805, 87, 2954050, 3510549, 2954050, 2954050, 2954050, 10642149, 1979728, 'May 16 2017 12:21 AM', 21),
('Hunter', 142994, 83, 2946586, 4787, 98, 1439190, 2399746, 2399746, 2399746, 2399746, 2399746, 2560826, 'May 16 2017 12:21 AM', 22),
('Construction', 132592, 85, 3390064, 207728, 39, 1956268, 1956268, 1956268, 1956268, 1956268, 1956268, 2647424, 'May 16 2017 12:21 AM', 23),
('Summoning', 171346, 89, 4965587, 380745, 24, 380745, 3805971, 0, 0, 380745, 380745, 4630862, 'May 16 2017 12:21 AM', 24),
('Dungeoneering', 176308, 87, 4266645, 119131, 71, 1079687, 4504913, 1079687, 1079687, 1079687, 90176092, 4039401, 'May 16 2017 12:21 AM', 25),
('Divination', 114068, 86, 3875920, 96374, 74, 1470412, 1470412, 1470412, 1470412, 1470412, 1470412, 3875920, 'May 16 2017 12:21 AM', 26),
('Invention', 101767, 58, 3886298, 260076, 6, 0, 0, 0, 0, 0, 0, 3886298, 'May 16 2017 12:21 AM', 27);

-- --------------------------------------------------------

--
-- Table structure for table `tasks`
--

CREATE TABLE IF NOT EXISTS `tasks` (
  `Task` varchar(202) DEFAULT NULL,
  `Taskset` varchar(13) DEFAULT NULL,
  `Attack` int(2) DEFAULT NULL,
  `Defence` int(2) DEFAULT NULL,
  `Strength` int(2) DEFAULT NULL,
  `Constitution` int(10) DEFAULT NULL,
  `Ranged` int(10) DEFAULT NULL,
  `Prayer` int(10) DEFAULT NULL,
  `Magic` int(2) DEFAULT NULL,
  `Cooking` int(10) DEFAULT NULL,
  `Woodcutting` int(2) DEFAULT NULL,
  `Fletching` int(2) DEFAULT NULL,
  `Fishing` int(2) DEFAULT NULL,
  `Firemaking` int(10) DEFAULT NULL,
  `Crafting` int(2) DEFAULT NULL,
  `Smithing` int(2) DEFAULT NULL,
  `Mining` int(2) DEFAULT NULL,
  `Herblore` int(2) DEFAULT NULL,
  `Agility` int(2) DEFAULT NULL,
  `Thieving` int(2) DEFAULT NULL,
  `Slayer` int(2) DEFAULT NULL,
  `Farming` int(2) DEFAULT NULL,
  `Runecrafting` int(2) DEFAULT NULL,
  `Hunter` int(2) DEFAULT NULL,
  `Construction` int(2) DEFAULT NULL,
  `Summoning` int(2) DEFAULT NULL,
  `Dungeoneering` int(2) DEFAULT NULL,
  `Divination` int(2) DEFAULT NULL,
  `Invention` int(10) DEFAULT NULL,
  `Other Reqs` varchar(27) DEFAULT NULL,
  `id` int(2) DEFAULT NULL,
  UNIQUE KEY `id` (`id`)
) ENGINE=MyISAM DEFAULT CHARSET=utf8;

--
-- Dumping data for table `tasks`
--

INSERT INTO `tasks` (`Task`, `Taskset`, `Attack`, `Defence`, `Strength`, `Constitution`, `Ranged`, `Prayer`, `Magic`, `Cooking`, `Woodcutting`, `Fletching`, `Fishing`, `Firemaking`, `Crafting`, `Smithing`, `Mining`, `Herblore`, `Agility`, `Thieving`, `Slayer`, `Farming`, `Runecrafting`, `Hunter`, `Construction`, `Summoning`, `Dungeoneering`, `Divination`, `Invention`, `Other Reqs`, `id`) VALUES
('Have anabyssal titanfamiliar hold essence for you, while runecrafting at Ourania Altar.', 'Ardougne 4', 0, 0, 0, 0, 0, 0, 0, 0, 0, 0, 0, 0, 0, 0, 0, 0, 0, 0, 0, 0, 0, 0, 0, 93, 0, 0, 0, '', 0),
('Make arune crossbowyourself, performing each step within either WitchavenorYanille', 'Ardougne 4', 0, 0, 0, 0, 0, 0, 0, 0, 0, 0, 0, 0, 0, 91, 0, 0, 0, 0, 0, 0, 0, 0, 0, 0, 0, 0, 0, '', 1),
('Wear a ring of kinshipwith a fully upgraded role. e.g. Tank, Medic.', 'Daemonheim 3', 0, 0, 0, 0, 0, 0, 0, 0, 0, 0, 0, 0, 0, 0, 0, 0, 0, 0, 0, 0, 0, 0, 0, 0, 0, 0, 0, '233k tokens', 2),
('Craft and wield a spiritbloom orb.', 'Daemonheim 4', 0, 0, 0, 0, 0, 0, 90, 0, 0, 0, 0, 0, 98, 0, 0, 0, 0, 0, 0, 0, 0, 0, 0, 0, 0, 0, 0, '', 3),
('Create a promethium full helm from scratch.', 'Daemonheim 4', 0, 0, 0, 0, 0, 0, 0, 0, 0, 0, 0, 0, 0, 95, 0, 0, 0, 0, 0, 0, 0, 0, 0, 0, 0, 0, 0, '', 4),
('Kill the warped gulega, but avoid his 1 lifepoint attack in a solo dungeon.', 'Daemonheim 4', 0, 0, 0, 0, 0, 0, 0, 0, 0, 0, 0, 0, 0, 0, 0, 0, 0, 0, 0, 0, 0, 0, 0, 0, 95, 0, 0, '', 5),
('Wear 4 bound items.', 'Daemonheim 4', 0, 0, 0, 0, 0, 0, 0, 0, 0, 0, 0, 0, 0, 0, 0, 0, 0, 0, 0, 0, 0, 0, 0, 0, 90, 0, 0, '', 6),
('Fletch Broad Bolts or Arrows in Sumona''s house', 'Desert 3', 0, 0, 0, 0, 0, 0, 0, 0, 0, 0, 0, 0, 0, 0, 0, 0, 0, 0, 0, 0, 0, 0, 0, 0, 0, 0, 0, 'Learn from Slayer Master', 7),
('Use a Dreadnip on the Kalphite Queen.', 'Desert 3', 0, 0, 0, 0, 0, 0, 0, 0, 0, 0, 0, 0, 0, 0, 0, 0, 0, 0, 0, 0, 0, 0, 0, 0, 0, 0, 0, '450 Dominion Tower Kills', 8),
('Open the sarcophagus in the final room of Pyramid Plunder.', 'Desert 4', 0, 0, 0, 0, 0, 0, 0, 0, 0, 0, 0, 0, 0, 0, 0, 0, 0, 91, 0, 0, 0, 0, 0, 0, 0, 0, 0, '', 9),
('Plant the Dominion marker in the desert, with all its achievements complete, including killing Sunfreet.', 'Desert 4', 0, 0, 0, 0, 0, 0, 0, 0, 0, 0, 0, 0, 0, 0, 0, 0, 0, 0, 0, 0, 0, 0, 0, 0, 0, 0, 0, 'Dominion Tower Achievements', 10),
('Catch asharkwith your bare hands onJatizso', 'Fremmenik 4', 0, 0, 0, 0, 0, 0, 0, 0, 0, 0, 96, 0, 0, 0, 0, 0, 0, 0, 0, 0, 0, 0, 0, 0, 0, 0, 0, '', 12),
('Complete the high-level section of the Barbarian Agility coursewhile wearing anagile top', 'Fremmenik 4', 0, 0, 0, 0, 0, 0, 0, 0, 0, 0, 0, 0, 0, 0, 0, 0, 90, 0, 0, 0, 0, 0, 0, 0, 0, 0, 0, '', 13),
('Kill anIce strykewyrm', 'Fremmenik 4', 0, 0, 0, 0, 0, 0, 0, 0, 0, 0, 0, 0, 0, 0, 0, 0, 0, 0, 93, 0, 0, 0, 0, 0, 0, 0, 0, '', 14),
('Smith arune hastaon Otto''s anvil', 'Fremmenik 4', 0, 0, 0, 0, 0, 0, 0, 0, 0, 0, 0, 0, 0, 90, 0, 0, 0, 0, 0, 0, 0, 0, 0, 0, 0, 0, 0, '', 15),
('Box trap amonkeyon Karamja', 'Karamja 4', 0, 0, 0, 0, 0, 0, 0, 0, 0, 0, 0, 0, 0, 0, 0, 0, 0, 0, 0, 0, 0, 0, 0, 95, 0, 0, 0, '', 16),
('Craft 56 or morenature runessimultaneously', 'Karamja 4', 0, 0, 0, 0, 0, 0, 0, 0, 0, 0, 0, 0, 0, 0, 0, 0, 0, 0, 0, 0, 91, 0, 0, 0, 0, 0, 0, '', 17),
('Equip a TzHaarfire capewhile standing within TzHaar City', 'Karamja 4', 0, 0, 0, 0, 0, 0, 0, 0, 0, 0, 0, 0, 0, 0, 0, 0, 0, 0, 0, 0, 0, 0, 0, 0, 0, 0, 0, 'Beat the Fight Caves', 18),
('Take yourchameleonfor a walk aroundCairn Isleto see its egg-home', 'Karamja 4', 0, 0, 0, 0, 0, 0, 0, 0, 0, 0, 0, 0, 0, 0, 0, 0, 0, 0, 0, 0, 0, 0, 0, 90, 0, 0, 0, '', 19),
('Farm and mix the ingredients for a prayer renewal potion entirely in Morytania.', 'Morytania 4', 0, 0, 0, 0, 0, 0, 0, 0, 0, 0, 0, 0, 0, 0, 0, 94, 0, 0, 0, 91, 0, 0, 0, 0, 0, 0, 0, '', 20),
('Fish shark barehanded off the Burgh de Rott dock.', 'Morytania 4', 0, 0, 0, 0, 0, 0, 0, 0, 0, 0, 96, 0, 0, 0, 0, 0, 0, 0, 0, 0, 0, 0, 0, 0, 0, 0, 0, '', 21),
('Find a way to silence Romeo, in Zemouregal''s Study.', 'New Varrock 2', 0, 0, 0, 0, 0, 0, 0, 0, 0, 0, 0, 0, 0, 0, 0, 0, 0, 0, 0, 0, 0, 0, 0, 0, 0, 0, 0, 'Curse of Arrav', 22),
('Use a lockpick to open HALF of New Varrock''s treasure chests.', 'New Varrock 2', 0, 0, 0, 0, 0, 0, 0, 0, 0, 0, 0, 0, 0, 0, 0, 0, 0, 0, 0, 0, 0, 0, 0, 0, 0, 0, 0, '', 23),
('Use Zemouregal''s Scrying pool to spy on the citizens of New Varrock.', 'New Varrock 2', 0, 0, 0, 0, 0, 0, 0, 0, 0, 0, 0, 0, 0, 0, 0, 0, 0, 0, 0, 0, 0, 0, 0, 0, 0, 0, 0, 'Defender of Varrock', 24),
('Use a lockpick to open ALL of New Varrock''s treasure chests.', 'New Varrock 3', 0, 0, 0, 0, 0, 0, 0, 0, 0, 0, 0, 0, 0, 0, 0, 0, 0, 0, 0, 0, 0, 0, 0, 0, 0, 0, 0, '', 25),
('At New Varrock museum''s Loarnab display, re-enact an event from your own history.', 'New Varrock 4', 0, 0, 0, 0, 0, 0, 0, 0, 0, 0, 0, 0, 0, 0, 0, 0, 0, 0, 0, 0, 0, 0, 0, 0, 0, 0, 0, '', 26),
('Defeat a New Varrock guard.', 'New Varrock 4', 0, 0, 0, 0, 0, 0, 0, 0, 0, 0, 0, 0, 0, 0, 0, 0, 0, 0, 0, 0, 0, 0, 0, 0, 0, 0, 0, '', 27),
('Perform the Salute emote while wearing a full set of level 20 armour in New Varrock. (Steel helm, body and legs OR spider silk hood, robe top and bottoms OR leather coif, studded body and studded chaps.', 'New Varrock 4', 0, 0, 0, 0, 0, 0, 0, 0, 0, 0, 0, 0, 0, 0, 0, 0, 0, 0, 0, 0, 0, 0, 0, 0, 0, 0, 0, '', 28),
('Use a lockpick to access Zemouregal''s lost property chest (in his study).', 'New Varrock 4', 0, 0, 0, 0, 0, 0, 0, 0, 0, 0, 0, 0, 0, 0, 0, 0, 0, 90, 0, 0, 0, 0, 0, 0, 0, 0, 0, '', 29),
('Make and drink an extreme ranging potion within theRanging Guild.', 'Seers 4', 0, 0, 0, 0, 0, 0, 0, 0, 0, 0, 0, 0, 0, 0, 0, 92, 0, 0, 0, 0, 0, 0, 0, 0, 0, 0, 0, '', 30),
('Defeat a lava strykewyrm', 'Wilderness 4', 0, 0, 0, 0, 0, 0, 0, 0, 0, 0, 0, 0, 0, 0, 0, 0, 0, 0, 94, 0, 0, 0, 0, 0, 0, 0, 0, '', 31),
('Capture a charming moth', 'Wilderness 4', 0, 0, 0, 0, 0, 0, 0, 0, 0, 0, 0, 0, 0, 0, 0, 0, 0, 0, 0, 0, 0, 88, 0, 0, 0, 0, 0, '', 32),
('Craft some bakriminel boltsfrom scratch in the Wilderness', 'Wilderness 4', 0, 0, 0, 0, 0, 0, 0, 0, 0, 93, 0, 0, 0, 0, 0, 0, 0, 0, 0, 0, 0, 0, 0, 0, 0, 0, 0, '', 33),
('Pickpocket a Trahaearn elf while wearing the Trahaearn exoskeletonset.', 'Tirannwn 4', 0, 0, 0, 0, 0, 0, 0, 0, 0, 0, 0, 0, 0, 0, 0, 0, 0, 95, 0, 0, 0, 0, 0, 0, 0, 0, 0, '', 34),
('Complete a Daemonheim dungeon while you have one of the gorajo cards active.', 'Tirannwn 4', 0, 0, 0, 0, 0, 0, 0, 0, 0, 0, 0, 0, 0, 0, 0, 0, 0, 0, 0, 0, 0, 0, 0, 0, 95, 0, 0, '', 35),
('Make a level 90 milestone cape using a loom in Prifddinas.', 'Tirannwn 4', 90, 90, 90, 0, 0, 0, 90, 0, 90, 90, 90, 0, 0, 90, 90, 90, 90, 90, 0, 90, 90, 90, 90, 90, 90, 90, 0, '', 36),
('Clear wave 15 in a Gold or Platinum wave of the Rush of Blood D&D.', 'Tirannwn 4', 0, 0, 0, 0, 0, 0, 0, 0, 0, 0, 0, 0, 0, 0, 0, 0, 0, 0, 95, 0, 0, 0, 0, 0, 0, 0, 0, '', 37),
('Chop a log from an elder tree you have grown in the Prifddinasfarming patch, then fletch it into a shortbow.', 'Tirannwn 4', 0, 0, 0, 0, 0, 0, 0, 0, 90, 90, 0, 0, 0, 0, 0, 0, 0, 0, 0, 90, 0, 0, 0, 0, 0, 0, 0, '', 38),
('Sing an attuned crystal weapon from an attuned seed in the Ithell district of Prifddinas.', 'Tirannwn 4', 0, 0, 0, 0, 0, 0, 0, 0, 0, 0, 0, 0, 0, 90, 0, 0, 0, 0, 0, 0, 0, 0, 0, 0, 0, 0, 0, '', 39);

-- --------------------------------------------------------

--
-- Table structure for table `xptable`
--

CREATE TABLE IF NOT EXISTS `xptable` (
  `level` int(3) DEFAULT NULL,
  `xp` int(9) DEFAULT NULL,
  `diff` int(7) DEFAULT NULL,
  UNIQUE KEY `level` (`level`)
) ENGINE=MyISAM DEFAULT CHARSET=utf8;

--
-- Dumping data for table `xptable`
--

INSERT INTO `xptable` (`level`, `xp`, `diff`) VALUES
(1, 0, 0),
(2, 83, 83),
(3, 174, 91),
(4, 276, 102),
(5, 388, 112),
(6, 512, 124),
(7, 650, 138),
(8, 801, 151),
(9, 969, 168),
(10, 1154, 185),
(11, 1358, 204),
(12, 1584, 226),
(13, 1833, 249),
(14, 2107, 274),
(15, 2411, 304),
(16, 2746, 335),
(17, 3115, 369),
(18, 3523, 408),
(19, 3973, 450),
(20, 4470, 497),
(21, 5018, 548),
(22, 5624, 606),
(23, 6291, 667),
(24, 7028, 737),
(25, 7842, 814),
(26, 8740, 898),
(27, 9730, 990),
(28, 10824, 1094),
(29, 12031, 1207),
(30, 13363, 1332),
(31, 14833, 1470),
(32, 16456, 1623),
(33, 18247, 1791),
(34, 20224, 1977),
(35, 22406, 2182),
(36, 24815, 2409),
(37, 27473, 2658),
(38, 30408, 2935),
(39, 33648, 3240),
(40, 37224, 3576),
(41, 41171, 3947),
(42, 45529, 4358),
(43, 50339, 4810),
(44, 55649, 5310),
(45, 61512, 5863),
(46, 67983, 6471),
(47, 75127, 7144),
(48, 83014, 7887),
(49, 91721, 8707),
(50, 101333, 9612),
(51, 111945, 10612),
(52, 123660, 11715),
(53, 136594, 12934),
(54, 150872, 14278),
(55, 166636, 15764),
(56, 184040, 17404),
(57, 203254, 19214),
(58, 224466, 21212),
(59, 247886, 23420),
(60, 273742, 25856),
(61, 302288, 28546),
(62, 333804, 31516),
(63, 368599, 34795),
(64, 407015, 38416),
(65, 449428, 42413),
(66, 496254, 46826),
(67, 547953, 51699),
(68, 605032, 57079),
(69, 668051, 63019),
(70, 737627, 69576),
(71, 814445, 76818),
(72, 899257, 84812),
(73, 992895, 93638),
(74, 1096278, 103383),
(75, 1210421, 114143),
(76, 1336443, 126022),
(77, 1475581, 139138),
(78, 1629200, 153619),
(79, 1798808, 169608),
(80, 1986068, 187260),
(81, 2192818, 206750),
(82, 2421087, 228269),
(83, 2673114, 252027),
(84, 2951373, 278259),
(85, 3258594, 307221),
(86, 3597792, 339198),
(87, 3972294, 374502),
(88, 4385776, 413482),
(89, 4842295, 456519),
(90, 5346332, 504037),
(91, 5902831, 556499),
(92, 6517253, 614422),
(93, 7195629, 678376),
(94, 7944614, 748985),
(95, 8771558, 826944),
(96, 9684577, 913019),
(97, 10692629, 1008052),
(98, 11805606, 1112977),
(99, 13034431, 1228825),
(100, 14391160, 1356729),
(101, 15889109, 1497949),
(102, 17542976, 1653867),
(103, 19368992, 1826016),
(104, 21385073, 2016081),
(105, 23611006, 2225933),
(106, 26068632, 2457626),
(107, 28782069, 2713437),
(108, 31777943, 2995874),
(109, 35085654, 3307711),
(110, 38737661, 3652007),
(111, 42769801, 4032140),
(112, 47221641, 4451840),
(113, 52136869, 4915228),
(114, 57563718, 5426849),
(115, 63555443, 5991725),
(116, 70170840, 6615397),
(117, 77474828, 7303988),
(118, 85539082, 8064254),
(119, 94442737, 8903655),
(120, 104273167, 9830430);

/*!40101 SET CHARACTER_SET_CLIENT=@OLD_CHARACTER_SET_CLIENT */;
/*!40101 SET CHARACTER_SET_RESULTS=@OLD_CHARACTER_SET_RESULTS */;
/*!40101 SET COLLATION_CONNECTION=@OLD_COLLATION_CONNECTION */;
